Experiment_ID	Date	Plate_ID	Plate_No	Plate_Row	Plate_Col	Cell_Line_ID	Well_ID	Well_No	CRISPR_ID	CRISPR_ctrl	treatment_ID	treatment_dose	treatment_ctrl	Plate_Row_raw	Plate_Col_raw	Well_No_raw	CTG
20201218_JM	20201218	20201218_JM_01	1	A	1	4T1	A01	1	NULL	NULL	NULL	0	NULL	A	1	1	880
20201218_JM	20201218	20201218_JM_01	1	B	1	4T1	B01	2	NULL	NULL	NULL	0	NULL	B	1	2	880
20201218_JM	20201218	20201218_JM_01	1	C	1	4T1	C01	3	NC_pooled	neg	NULL	0	NULL	C	1	3	1000
20201218_JM	20201218	20201218_JM_01	1	D	1	4T1	D01	4	mPARP7_pooled	none	NULL	0	NULL	D	1	4	960
20201218_JM	20201218	20201218_JM_01	1	E	1	4T1	E01	5	mADAR_pooled	none	NULL	0	NULL	E	1	5	840
20201218_JM	20201218	20201218_JM_01	1	F	1	4T1	F01	6	mTREX1_pooled	none	NULL	0	NULL	F	1	6	680
20201218_JM	20201218	20201218_JM_01	1	G	1	4T1	G01	7	mWRN_pooled	none	NULL	0	NULL	G	1	7	520
20201218_JM	20201218	20201218_JM_01	1	H	1	4T1	H01	8	mDHX9_pooled	none	NULL	0	NULL	H	1	8	560
20201218_JM	20201218	20201218_JM_01	1	I	1	4T1	I01	9	mDDX5_pooled	none	NULL	0	NULL	I	1	9	560
20201218_JM	20201218	20201218_JM_01	1	J	1	4T1	J01	10	mRNASEH2A_pooled	none	NULL	0	NULL	J	1	10	560
20201218_JM	20201218	20201218_JM_01	1	K	1	4T1	K01	11	mDDX3X_pooled	none	NULL	0	NULL	K	1	11	600
20201218_JM	20201218	20201218_JM_01	1	L	1	4T1	L01	12	mPARP14_pooled	none	NULL	0	NULL	L	1	12	480
20201218_JM	20201218	20201218_JM_01	1	M	1	4T1	M01	13	mDDX6_pooled	none	NULL	0	NULL	M	1	13	480
20201218_JM	20201218	20201218_JM_01	1	N	1	4T1	N01	14	Lethal	pos	NULL	0	NULL	N	1	14	360
20201218_JM	20201218	20201218_JM_01	1	O	1	4T1	O01	15	NULL	NULL	NULL	0	NULL	O	1	15	400
20201218_JM	20201218	20201218_JM_01	1	P	1	4T1	P01	16	NULL	NULL	NULL	0	NULL	P	1	16	360
20201218_JM	20201218	20201218_JM_01	1	A	2	4T1	A02	17	NULL	NULL	NULL	0	NULL	A	2	17	26160
20201218_JM	20201218	20201218_JM_01	1	B	2	4T1	B02	18	NULL	NULL	NULL	0	NULL	B	2	18	34080
20201218_JM	20201218	20201218_JM_01	1	C	2	4T1	C02	19	NC_pooled	neg	NULL	0	NULL	C	2	19	28560
20201218_JM	20201218	20201218_JM_01	1	D	2	4T1	D02	20	mPARP7_pooled	none	NULL	0	NULL	D	2	20	34760
20201218_JM	20201218	20201218_JM_01	1	E	2	4T1	E02	21	mADAR_pooled	none	NULL	0	NULL	E	2	21	26400
20201218_JM	20201218	20201218_JM_01	1	F	2	4T1	F02	22	mTREX1_pooled	none	NULL	0	NULL	F	2	22	31160
20201218_JM	20201218	20201218_JM_01	1	G	2	4T1	G02	23	mWRN_pooled	none	NULL	0	NULL	G	2	23	25360
20201218_JM	20201218	20201218_JM_01	1	H	2	4T1	H02	24	mDHX9_pooled	none	NULL	0	NULL	H	2	24	24840
20201218_JM	20201218	20201218_JM_01	1	I	2	4T1	I02	25	mDDX5_pooled	none	NULL	0	NULL	I	2	25	26040
20201218_JM	20201218	20201218_JM_01	1	J	2	4T1	J02	26	mRNASEH2A_pooled	none	NULL	0	NULL	J	2	26	29560
20201218_JM	20201218	20201218_JM_01	1	K	2	4T1	K02	27	mDDX3X_pooled	none	NULL	0	NULL	K	2	27	24160
20201218_JM	20201218	20201218_JM_01	1	L	2	4T1	L02	28	mPARP14_pooled	none	NULL	0	NULL	L	2	28	32480
20201218_JM	20201218	20201218_JM_01	1	M	2	4T1	M02	29	mDDX6_pooled	none	NULL	0	NULL	M	2	29	21600
20201218_JM	20201218	20201218_JM_01	1	N	2	4T1	N02	30	Lethal	pos	NULL	0	NULL	N	2	30	2560
20201218_JM	20201218	20201218_JM_01	1	O	2	4T1	O02	31	NULL	NULL	NULL	0	NULL	O	2	31	26520
20201218_JM	20201218	20201218_JM_01	1	P	2	4T1	P02	32	NULL	NULL	NULL	0	NULL	P	2	32	29080
20201218_JM	20201218	20201218_JM_01	1	A	3	4T1	A03	33	NULL	NULL	PBS	-1	neg	A	3	33	4200000
20201218_JM	20201218	20201218_JM_01	1	B	3	4T1	B03	34	NULL	NULL	PBS	-1	neg	B	3	34	5620000
20201218_JM	20201218	20201218_JM_01	1	C	3	4T1	C03	35	NC_pooled	neg	PBS	-1	neg	C	3	35	4470000
20201218_JM	20201218	20201218_JM_01	1	D	3	4T1	D03	36	mPARP7_pooled	none	PBS	-1	neg	D	3	36	6040000
20201218_JM	20201218	20201218_JM_01	1	E	3	4T1	E03	37	mADAR_pooled	none	PBS	-1	neg	E	3	37	4610000
20201218_JM	20201218	20201218_JM_01	1	F	3	4T1	F03	38	mTREX1_pooled	none	PBS	-1	neg	F	3	38	5730000
20201218_JM	20201218	20201218_JM_01	1	G	3	4T1	G03	39	mWRN_pooled	none	PBS	-1	neg	G	3	39	4730000
20201218_JM	20201218	20201218_JM_01	1	H	3	4T1	H03	40	mDHX9_pooled	none	PBS	-1	neg	H	3	40	4630000
20201218_JM	20201218	20201218_JM_01	1	I	3	4T1	I03	41	mDDX5_pooled	none	PBS	-1	neg	I	3	41	5120000
20201218_JM	20201218	20201218_JM_01	1	J	3	4T1	J03	42	mRNASEH2A_pooled	none	PBS	-1	neg	J	3	42	5720000
20201218_JM	20201218	20201218_JM_01	1	K	3	4T1	K03	43	mDDX3X_pooled	none	PBS	-1	neg	K	3	43	4520000
20201218_JM	20201218	20201218_JM_01	1	L	3	4T1	L03	44	mPARP14_pooled	none	PBS	-1	neg	L	3	44	6560000
20201218_JM	20201218	20201218_JM_01	1	M	3	4T1	M03	45	mDDX6_pooled	none	PBS	-1	neg	M	3	45	4360000
20201218_JM	20201218	20201218_JM_01	1	N	3	4T1	N03	46	Lethal	pos	PBS	-1	neg	N	3	46	195800
20201218_JM	20201218	20201218_JM_01	1	O	3	4T1	O03	47	NULL	NULL	PBS	-1	neg	O	3	47	5060000
20201218_JM	20201218	20201218_JM_01	1	P	3	4T1	P03	48	NULL	NULL	PBS	-1	neg	P	3	48	5750000
20201218_JM	20201218	20201218_JM_01	1	A	4	4T1	A04	49	NULL	NULL	PBS	-1	neg	A	4	49	5410000
20201218_JM	20201218	20201218_JM_01	1	B	4	4T1	B04	50	NULL	NULL	PBS	-1	neg	B	4	50	5390000
20201218_JM	20201218	20201218_JM_01	1	C	4	4T1	C04	51	NC_pooled	neg	PBS	-1	neg	C	4	51	5270000
20201218_JM	20201218	20201218_JM_01	1	D	4	4T1	D04	52	mPARP7_pooled	none	PBS	-1	neg	D	4	52	5440000
20201218_JM	20201218	20201218_JM_01	1	E	4	4T1	E04	53	mADAR_pooled	none	PBS	-1	neg	E	4	53	4640000
20201218_JM	20201218	20201218_JM_01	1	F	4	4T1	F04	54	mTREX1_pooled	none	PBS	-1	neg	F	4	54	5500000
20201218_JM	20201218	20201218_JM_01	1	G	4	4T1	G04	55	mWRN_pooled	none	PBS	-1	neg	G	4	55	5340000
20201218_JM	20201218	20201218_JM_01	1	H	4	4T1	H04	56	mDHX9_pooled	none	PBS	-1	neg	H	4	56	4820000
20201218_JM	20201218	20201218_JM_01	1	I	4	4T1	I04	57	mDDX5_pooled	none	PBS	-1	neg	I	4	57	5240000
20201218_JM	20201218	20201218_JM_01	1	J	4	4T1	J04	58	mRNASEH2A_pooled	none	PBS	-1	neg	J	4	58	5390000
20201218_JM	20201218	20201218_JM_01	1	K	4	4T1	K04	59	mDDX3X_pooled	none	PBS	-1	neg	K	4	59	4470000
20201218_JM	20201218	20201218_JM_01	1	L	4	4T1	L04	60	mPARP14_pooled	none	PBS	-1	neg	L	4	60	5830000
20201218_JM	20201218	20201218_JM_01	1	M	4	4T1	M04	61	mDDX6_pooled	none	PBS	-1	neg	M	4	61	4960000
20201218_JM	20201218	20201218_JM_01	1	N	4	4T1	N04	62	Lethal	pos	PBS	-1	neg	N	4	62	453160
20201218_JM	20201218	20201218_JM_01	1	O	4	4T1	O04	63	NULL	NULL	PBS	-1	neg	O	4	63	6450000
20201218_JM	20201218	20201218_JM_01	1	P	4	4T1	P04	64	NULL	NULL	PBS	-1	neg	P	4	64	4870000
20201218_JM	20201218	20201218_JM_01	1	A	5	4T1	A05	65	NULL	NULL	PBS	-1	neg	A	5	65	4810000
20201218_JM	20201218	20201218_JM_01	1	B	5	4T1	B05	66	NULL	NULL	PBS	-1	neg	B	5	66	4900000
20201218_JM	20201218	20201218_JM_01	1	C	5	4T1	C05	67	NC_pooled	neg	PBS	-1	neg	C	5	67	4920000
20201218_JM	20201218	20201218_JM_01	1	D	5	4T1	D05	68	mPARP7_pooled	none	PBS	-1	neg	D	5	68	5050000
20201218_JM	20201218	20201218_JM_01	1	E	5	4T1	E05	69	mADAR_pooled	none	PBS	-1	neg	E	5	69	5200000
20201218_JM	20201218	20201218_JM_01	1	F	5	4T1	F05	70	mTREX1_pooled	none	PBS	-1	neg	F	5	70	5690000
20201218_JM	20201218	20201218_JM_01	1	G	5	4T1	G05	71	mWRN_pooled	none	PBS	-1	neg	G	5	71	5600000
20201218_JM	20201218	20201218_JM_01	1	H	5	4T1	H05	72	mDHX9_pooled	none	PBS	-1	neg	H	5	72	4610000
20201218_JM	20201218	20201218_JM_01	1	I	5	4T1	I05	73	mDDX5_pooled	none	PBS	-1	neg	I	5	73	4450000
20201218_JM	20201218	20201218_JM_01	1	J	5	4T1	J05	74	mRNASEH2A_pooled	none	PBS	-1	neg	J	5	74	6380000
20201218_JM	20201218	20201218_JM_01	1	K	5	4T1	K05	75	mDDX3X_pooled	none	PBS	-1	neg	K	5	75	3790000
20201218_JM	20201218	20201218_JM_01	1	L	5	4T1	L05	76	mPARP14_pooled	none	PBS	-1	neg	L	5	76	5790000
20201218_JM	20201218	20201218_JM_01	1	M	5	4T1	M05	77	mDDX6_pooled	none	PBS	-1	neg	M	5	77	4900000
20201218_JM	20201218	20201218_JM_01	1	N	5	4T1	N05	78	Lethal	pos	PBS	-1	neg	N	5	78	1510000
20201218_JM	20201218	20201218_JM_01	1	O	5	4T1	O05	79	NULL	NULL	PBS	-1	neg	O	5	79	5440000
20201218_JM	20201218	20201218_JM_01	1	P	5	4T1	P05	80	NULL	NULL	PBS	-1	neg	P	5	80	4920000
20201218_JM	20201218	20201218_JM_01	1	A	6	4T1	A06	81	NULL	NULL	PBS	-1	neg	A	6	81	4380000
20201218_JM	20201218	20201218_JM_01	1	B	6	4T1	B06	82	NULL	NULL	PBS	-1	neg	B	6	82	4920000
20201218_JM	20201218	20201218_JM_01	1	C	6	4T1	C06	83	NC_pooled	neg	PBS	-1	neg	C	6	83	4870000
20201218_JM	20201218	20201218_JM_01	1	D	6	4T1	D06	84	mPARP7_pooled	none	PBS	-1	neg	D	6	84	5630000
20201218_JM	20201218	20201218_JM_01	1	E	6	4T1	E06	85	mADAR_pooled	none	PBS	-1	neg	E	6	85	5210000
20201218_JM	20201218	20201218_JM_01	1	F	6	4T1	F06	86	mTREX1_pooled	none	PBS	-1	neg	F	6	86	5460000
20201218_JM	20201218	20201218_JM_01	1	G	6	4T1	G06	87	mWRN_pooled	none	PBS	-1	neg	G	6	87	5560000
20201218_JM	20201218	20201218_JM_01	1	H	6	4T1	H06	88	mDHX9_pooled	none	PBS	-1	neg	H	6	88	4790000
20201218_JM	20201218	20201218_JM_01	1	I	6	4T1	I06	89	mDDX5_pooled	none	PBS	-1	neg	I	6	89	5240000
20201218_JM	20201218	20201218_JM_01	1	J	6	4T1	J06	90	mRNASEH2A_pooled	none	PBS	-1	neg	J	6	90	5400000
20201218_JM	20201218	20201218_JM_01	1	K	6	4T1	K06	91	mDDX3X_pooled	none	PBS	-1	neg	K	6	91	5410000
20201218_JM	20201218	20201218_JM_01	1	L	6	4T1	L06	92	mPARP14_pooled	none	PBS	-1	neg	L	6	92	6160000
20201218_JM	20201218	20201218_JM_01	1	M	6	4T1	M06	93	mDDX6_pooled	none	PBS	-1	neg	M	6	93	5580000
20201218_JM	20201218	20201218_JM_01	1	N	6	4T1	N06	94	Lethal	pos	PBS	-1	neg	N	6	94	1010000
20201218_JM	20201218	20201218_JM_01	1	O	6	4T1	O06	95	NULL	NULL	PBS	-1	neg	O	6	95	6200000
20201218_JM	20201218	20201218_JM_01	1	P	6	4T1	P06	96	NULL	NULL	PBS	-1	neg	P	6	96	4950000
20201218_JM	20201218	20201218_JM_01	1	A	7	4T1	A07	97	NULL	NULL	mIFNb	1000U/mL	none	A	7	97	609960
20201218_JM	20201218	20201218_JM_01	1	B	7	4T1	B07	98	NULL	NULL	mIFNb	1000U/mL	none	B	7	98	561360
20201218_JM	20201218	20201218_JM_01	1	C	7	4T1	C07	99	NC_pooled	neg	mIFNb	1000U/mL	none	C	7	99	610200
20201218_JM	20201218	20201218_JM_01	1	D	7	4T1	D07	100	mPARP7_pooled	none	mIFNb	1000U/mL	none	D	7	100	643760
20201218_JM	20201218	20201218_JM_01	1	E	7	4T1	E07	101	mADAR_pooled	none	mIFNb	1000U/mL	none	E	7	101	489880
20201218_JM	20201218	20201218_JM_01	1	F	7	4T1	F07	102	mTREX1_pooled	none	mIFNb	1000U/mL	none	F	7	102	649760
20201218_JM	20201218	20201218_JM_01	1	G	7	4T1	G07	103	mWRN_pooled	none	mIFNb	1000U/mL	none	G	7	103	669040
20201218_JM	20201218	20201218_JM_01	1	H	7	4T1	H07	104	mDHX9_pooled	none	mIFNb	1000U/mL	none	H	7	104	405400
20201218_JM	20201218	20201218_JM_01	1	I	7	4T1	I07	105	mDDX5_pooled	none	mIFNb	1000U/mL	none	I	7	105	755720
20201218_JM	20201218	20201218_JM_01	1	J	7	4T1	J07	106	mRNASEH2A_pooled	none	mIFNb	1000U/mL	none	J	7	106	703880
20201218_JM	20201218	20201218_JM_01	1	K	7	4T1	K07	107	mDDX3X_pooled	none	mIFNb	1000U/mL	none	K	7	107	782000
20201218_JM	20201218	20201218_JM_01	1	L	7	4T1	L07	108	mPARP14_pooled	none	mIFNb	1000U/mL	none	L	7	108	591800
20201218_JM	20201218	20201218_JM_01	1	M	7	4T1	M07	109	mDDX6_pooled	none	mIFNb	1000U/mL	none	M	7	109	476200
20201218_JM	20201218	20201218_JM_01	1	N	7	4T1	N07	110	Lethal	pos	mIFNb	1000U/mL	none	N	7	110	40880
20201218_JM	20201218	20201218_JM_01	1	O	7	4T1	O07	111	NULL	NULL	mIFNb	1000U/mL	none	O	7	111	804120
20201218_JM	20201218	20201218_JM_01	1	P	7	4T1	P07	112	NULL	NULL	mIFNb	1000U/mL	none	P	7	112	656080
20201218_JM	20201218	20201218_JM_01	1	A	8	4T1	A08	113	NULL	NULL	mIFNb	1000U/mL	none	A	8	113	629160
20201218_JM	20201218	20201218_JM_01	1	B	8	4T1	B08	114	NULL	NULL	mIFNb	1000U/mL	none	B	8	114	690280
20201218_JM	20201218	20201218_JM_01	1	C	8	4T1	C08	115	NC_pooled	neg	mIFNb	1000U/mL	none	C	8	115	513360
20201218_JM	20201218	20201218_JM_01	1	D	8	4T1	D08	116	mPARP7_pooled	none	mIFNb	1000U/mL	none	D	8	116	538000
20201218_JM	20201218	20201218_JM_01	1	E	8	4T1	E08	117	mADAR_pooled	none	mIFNb	1000U/mL	none	E	8	117	436600
20201218_JM	20201218	20201218_JM_01	1	F	8	4T1	F08	118	mTREX1_pooled	none	mIFNb	1000U/mL	none	F	8	118	505920
20201218_JM	20201218	20201218_JM_01	1	G	8	4T1	G08	119	mWRN_pooled	none	mIFNb	1000U/mL	none	G	8	119	598400
20201218_JM	20201218	20201218_JM_01	1	H	8	4T1	H08	120	mDHX9_pooled	none	mIFNb	1000U/mL	none	H	8	120	445360
20201218_JM	20201218	20201218_JM_01	1	I	8	4T1	I08	121	mDDX5_pooled	none	mIFNb	1000U/mL	none	I	8	121	728400
20201218_JM	20201218	20201218_JM_01	1	J	8	4T1	J08	122	mRNASEH2A_pooled	none	mIFNb	1000U/mL	none	J	8	122	572720
20201218_JM	20201218	20201218_JM_01	1	K	8	4T1	K08	123	mDDX3X_pooled	none	mIFNb	1000U/mL	none	K	8	123	646080
20201218_JM	20201218	20201218_JM_01	1	L	8	4T1	L08	124	mPARP14_pooled	none	mIFNb	1000U/mL	none	L	8	124	664680
20201218_JM	20201218	20201218_JM_01	1	M	8	4T1	M08	125	mDDX6_pooled	none	mIFNb	1000U/mL	none	M	8	125	434880
20201218_JM	20201218	20201218_JM_01	1	N	8	4T1	N08	126	Lethal	pos	mIFNb	1000U/mL	none	N	8	126	78080
20201218_JM	20201218	20201218_JM_01	1	O	8	4T1	O08	127	NULL	NULL	mIFNb	1000U/mL	none	O	8	127	662640
20201218_JM	20201218	20201218_JM_01	1	P	8	4T1	P08	128	NULL	NULL	mIFNb	1000U/mL	none	P	8	128	587680
20201218_JM	20201218	20201218_JM_01	1	A	9	4T1	A09	129	NULL	NULL	mIFNb	1000U/mL	none	A	9	129	743040
20201218_JM	20201218	20201218_JM_01	1	B	9	4T1	B09	130	NULL	NULL	mIFNb	1000U/mL	none	B	9	130	662120
20201218_JM	20201218	20201218_JM_01	1	C	9	4T1	C09	131	NC_pooled	neg	mIFNb	1000U/mL	none	C	9	131	588720
20201218_JM	20201218	20201218_JM_01	1	D	9	4T1	D09	132	mPARP7_pooled	none	mIFNb	1000U/mL	none	D	9	132	593600
20201218_JM	20201218	20201218_JM_01	1	E	9	4T1	E09	133	mADAR_pooled	none	mIFNb	1000U/mL	none	E	9	133	278080
20201218_JM	20201218	20201218_JM_01	1	F	9	4T1	F09	134	mTREX1_pooled	none	mIFNb	1000U/mL	none	F	9	134	618920
20201218_JM	20201218	20201218_JM_01	1	G	9	4T1	G09	135	mWRN_pooled	none	mIFNb	1000U/mL	none	G	9	135	679000
20201218_JM	20201218	20201218_JM_01	1	H	9	4T1	H09	136	mDHX9_pooled	none	mIFNb	1000U/mL	none	H	9	136	498640
20201218_JM	20201218	20201218_JM_01	1	I	9	4T1	I09	137	mDDX5_pooled	none	mIFNb	1000U/mL	none	I	9	137	708040
20201218_JM	20201218	20201218_JM_01	1	J	9	4T1	J09	138	mRNASEH2A_pooled	none	mIFNb	1000U/mL	none	J	9	138	492760
20201218_JM	20201218	20201218_JM_01	1	K	9	4T1	K09	139	mDDX3X_pooled	none	mIFNb	1000U/mL	none	K	9	139	579360
20201218_JM	20201218	20201218_JM_01	1	L	9	4T1	L09	140	mPARP14_pooled	none	mIFNb	1000U/mL	none	L	9	140	620480
20201218_JM	20201218	20201218_JM_01	1	M	9	4T1	M09	141	mDDX6_pooled	none	mIFNb	1000U/mL	none	M	9	141	439400
20201218_JM	20201218	20201218_JM_01	1	N	9	4T1	N09	142	Lethal	pos	mIFNb	1000U/mL	none	N	9	142	23320
20201218_JM	20201218	20201218_JM_01	1	O	9	4T1	O09	143	NULL	NULL	mIFNb	1000U/mL	none	O	9	143	622400
20201218_JM	20201218	20201218_JM_01	1	P	9	4T1	P09	144	NULL	NULL	mIFNb	1000U/mL	none	P	9	144	769520
20201218_JM	20201218	20201218_JM_01	1	A	10	4T1	A10	145	NULL	NULL	mIFNb	1000U/mL	none	A	10	145	837000
20201218_JM	20201218	20201218_JM_01	1	B	10	4T1	B10	146	NULL	NULL	mIFNb	1000U/mL	none	B	10	146	721680
20201218_JM	20201218	20201218_JM_01	1	C	10	4T1	C10	147	NC_pooled	neg	mIFNb	1000U/mL	none	C	10	147	894160
20201218_JM	20201218	20201218_JM_01	1	D	10	4T1	D10	148	mPARP7_pooled	none	mIFNb	1000U/mL	none	D	10	148	615360
20201218_JM	20201218	20201218_JM_01	1	E	10	4T1	E10	149	mADAR_pooled	none	mIFNb	1000U/mL	none	E	10	149	313560
20201218_JM	20201218	20201218_JM_01	1	F	10	4T1	F10	150	mTREX1_pooled	none	mIFNb	1000U/mL	none	F	10	150	813800
20201218_JM	20201218	20201218_JM_01	1	G	10	4T1	G10	151	mWRN_pooled	none	mIFNb	1000U/mL	none	G	10	151	828480
20201218_JM	20201218	20201218_JM_01	1	H	10	4T1	H10	152	mDHX9_pooled	none	mIFNb	1000U/mL	none	H	10	152	441520
20201218_JM	20201218	20201218_JM_01	1	I	10	4T1	I10	153	mDDX5_pooled	none	mIFNb	1000U/mL	none	I	10	153	648560
20201218_JM	20201218	20201218_JM_01	1	J	10	4T1	J10	154	mRNASEH2A_pooled	none	mIFNb	1000U/mL	none	J	10	154	659160
20201218_JM	20201218	20201218_JM_01	1	K	10	4T1	K10	155	mDDX3X_pooled	none	mIFNb	1000U/mL	none	K	10	155	708000
20201218_JM	20201218	20201218_JM_01	1	L	10	4T1	L10	156	mPARP14_pooled	none	mIFNb	1000U/mL	none	L	10	156	702960
20201218_JM	20201218	20201218_JM_01	1	M	10	4T1	M10	157	mDDX6_pooled	none	mIFNb	1000U/mL	none	M	10	157	523200
20201218_JM	20201218	20201218_JM_01	1	N	10	4T1	N10	158	Lethal	pos	mIFNb	1000U/mL	none	N	10	158	108160
20201218_JM	20201218	20201218_JM_01	1	O	10	4T1	O10	159	NULL	NULL	mIFNb	1000U/mL	none	O	10	159	917000
20201218_JM	20201218	20201218_JM_01	1	P	10	4T1	P10	160	NULL	NULL	mIFNb	1000U/mL	none	P	10	160	705040
20201218_JM	20201218	20201218_JM_01	1	A	11	4T1	A11	161	NULL	NULL	mIFNg	100ng/mL	none	A	11	161	5330000
20201218_JM	20201218	20201218_JM_01	1	B	11	4T1	B11	162	NULL	NULL	mIFNg	100ng/mL	none	B	11	162	4170000
20201218_JM	20201218	20201218_JM_01	1	C	11	4T1	C11	163	NC_pooled	neg	mIFNg	100ng/mL	none	C	11	163	4540000
20201218_JM	20201218	20201218_JM_01	1	D	11	4T1	D11	164	mPARP7_pooled	none	mIFNg	100ng/mL	none	D	11	164	4140000
20201218_JM	20201218	20201218_JM_01	1	E	11	4T1	E11	165	mADAR_pooled	none	mIFNg	100ng/mL	none	E	11	165	3460000
20201218_JM	20201218	20201218_JM_01	1	F	11	4T1	F11	166	mTREX1_pooled	none	mIFNg	100ng/mL	none	F	11	166	4100000
20201218_JM	20201218	20201218_JM_01	1	G	11	4T1	G11	167	mWRN_pooled	none	mIFNg	100ng/mL	none	G	11	167	3550000
20201218_JM	20201218	20201218_JM_01	1	H	11	4T1	H11	168	mDHX9_pooled	none	mIFNg	100ng/mL	none	H	11	168	3380000
20201218_JM	20201218	20201218_JM_01	1	I	11	4T1	I11	169	mDDX5_pooled	none	mIFNg	100ng/mL	none	I	11	169	3960000
20201218_JM	20201218	20201218_JM_01	1	J	11	4T1	J11	170	mRNASEH2A_pooled	none	mIFNg	100ng/mL	none	J	11	170	4320000
20201218_JM	20201218	20201218_JM_01	1	K	11	4T1	K11	171	mDDX3X_pooled	none	mIFNg	100ng/mL	none	K	11	171	3720000
20201218_JM	20201218	20201218_JM_01	1	L	11	4T1	L11	172	mPARP14_pooled	none	mIFNg	100ng/mL	none	L	11	172	4920000
20201218_JM	20201218	20201218_JM_01	1	M	11	4T1	M11	173	mDDX6_pooled	none	mIFNg	100ng/mL	none	M	11	173	4290000
20201218_JM	20201218	20201218_JM_01	1	N	11	4T1	N11	174	Lethal	pos	mIFNg	100ng/mL	none	N	11	174	636160
20201218_JM	20201218	20201218_JM_01	1	O	11	4T1	O11	175	NULL	NULL	mIFNg	100ng/mL	none	O	11	175	4570000
20201218_JM	20201218	20201218_JM_01	1	P	11	4T1	P11	176	NULL	NULL	mIFNg	100ng/mL	none	P	11	176	5280000
20201218_JM	20201218	20201218_JM_01	1	A	12	4T1	A12	177	NULL	NULL	mIFNg	100ng/mL	none	A	12	177	4490000
20201218_JM	20201218	20201218_JM_01	1	B	12	4T1	B12	178	NULL	NULL	mIFNg	100ng/mL	none	B	12	178	3850000
20201218_JM	20201218	20201218_JM_01	1	C	12	4T1	C12	179	NC_pooled	neg	mIFNg	100ng/mL	none	C	12	179	3930000
20201218_JM	20201218	20201218_JM_01	1	D	12	4T1	D12	180	mPARP7_pooled	none	mIFNg	100ng/mL	none	D	12	180	4400000
20201218_JM	20201218	20201218_JM_01	1	E	12	4T1	E12	181	mADAR_pooled	none	mIFNg	100ng/mL	none	E	12	181	3150000
20201218_JM	20201218	20201218_JM_01	1	F	12	4T1	F12	182	mTREX1_pooled	none	mIFNg	100ng/mL	none	F	12	182	4000000
20201218_JM	20201218	20201218_JM_01	1	G	12	4T1	G12	183	mWRN_pooled	none	mIFNg	100ng/mL	none	G	12	183	3930000
20201218_JM	20201218	20201218_JM_01	1	H	12	4T1	H12	184	mDHX9_pooled	none	mIFNg	100ng/mL	none	H	12	184	3810000
20201218_JM	20201218	20201218_JM_01	1	I	12	4T1	I12	185	mDDX5_pooled	none	mIFNg	100ng/mL	none	I	12	185	5030000
20201218_JM	20201218	20201218_JM_01	1	J	12	4T1	J12	186	mRNASEH2A_pooled	none	mIFNg	100ng/mL	none	J	12	186	4160000
20201218_JM	20201218	20201218_JM_01	1	K	12	4T1	K12	187	mDDX3X_pooled	none	mIFNg	100ng/mL	none	K	12	187	3860000
20201218_JM	20201218	20201218_JM_01	1	L	12	4T1	L12	188	mPARP14_pooled	none	mIFNg	100ng/mL	none	L	12	188	4070000
20201218_JM	20201218	20201218_JM_01	1	M	12	4T1	M12	189	mDDX6_pooled	none	mIFNg	100ng/mL	none	M	12	189	3900000
20201218_JM	20201218	20201218_JM_01	1	N	12	4T1	N12	190	Lethal	pos	mIFNg	100ng/mL	none	N	12	190	721000
20201218_JM	20201218	20201218_JM_01	1	O	12	4T1	O12	191	NULL	NULL	mIFNg	100ng/mL	none	O	12	191	5560000
20201218_JM	20201218	20201218_JM_01	1	P	12	4T1	P12	192	NULL	NULL	mIFNg	100ng/mL	none	P	12	192	5270000
20201218_JM	20201218	20201218_JM_01	1	A	13	4T1	A13	193	NULL	NULL	mIFNg	100ng/mL	none	A	13	193	4310000
20201218_JM	20201218	20201218_JM_01	1	B	13	4T1	B13	194	NULL	NULL	mIFNg	100ng/mL	none	B	13	194	4130000
20201218_JM	20201218	20201218_JM_01	1	C	13	4T1	C13	195	NC_pooled	neg	mIFNg	100ng/mL	none	C	13	195	4610000
20201218_JM	20201218	20201218_JM_01	1	D	13	4T1	D13	196	mPARP7_pooled	none	mIFNg	100ng/mL	none	D	13	196	5070000
20201218_JM	20201218	20201218_JM_01	1	E	13	4T1	E13	197	mADAR_pooled	none	mIFNg	100ng/mL	none	E	13	197	4210000
20201218_JM	20201218	20201218_JM_01	1	F	13	4T1	F13	198	mTREX1_pooled	none	mIFNg	100ng/mL	none	F	13	198	4420000
20201218_JM	20201218	20201218_JM_01	1	G	13	4T1	G13	199	mWRN_pooled	none	mIFNg	100ng/mL	none	G	13	199	3910000
20201218_JM	20201218	20201218_JM_01	1	H	13	4T1	H13	200	mDHX9_pooled	none	mIFNg	100ng/mL	none	H	13	200	3820000
20201218_JM	20201218	20201218_JM_01	1	I	13	4T1	I13	201	mDDX5_pooled	none	mIFNg	100ng/mL	none	I	13	201	4330000
20201218_JM	20201218	20201218_JM_01	1	J	13	4T1	J13	202	mRNASEH2A_pooled	none	mIFNg	100ng/mL	none	J	13	202	4590000
20201218_JM	20201218	20201218_JM_01	1	K	13	4T1	K13	203	mDDX3X_pooled	none	mIFNg	100ng/mL	none	K	13	203	4130000
20201218_JM	20201218	20201218_JM_01	1	L	13	4T1	L13	204	mPARP14_pooled	none	mIFNg	100ng/mL	none	L	13	204	4800000
20201218_JM	20201218	20201218_JM_01	1	M	13	4T1	M13	205	mDDX6_pooled	none	mIFNg	100ng/mL	none	M	13	205	3720000
20201218_JM	20201218	20201218_JM_01	1	N	13	4T1	N13	206	Lethal	pos	mIFNg	100ng/mL	none	N	13	206	1060000
20201218_JM	20201218	20201218_JM_01	1	O	13	4T1	O13	207	NULL	NULL	mIFNg	100ng/mL	none	O	13	207	5230000
20201218_JM	20201218	20201218_JM_01	1	P	13	4T1	P13	208	NULL	NULL	mIFNg	100ng/mL	none	P	13	208	4610000
20201218_JM	20201218	20201218_JM_01	1	A	14	4T1	A14	209	NULL	NULL	mIFNg	100ng/mL	none	A	14	209	4800000
20201218_JM	20201218	20201218_JM_01	1	B	14	4T1	B14	210	NULL	NULL	mIFNg	100ng/mL	none	B	14	210	4460000
20201218_JM	20201218	20201218_JM_01	1	C	14	4T1	C14	211	NC_pooled	neg	mIFNg	100ng/mL	none	C	14	211	4520000
20201218_JM	20201218	20201218_JM_01	1	D	14	4T1	D14	212	mPARP7_pooled	none	mIFNg	100ng/mL	none	D	14	212	4080000
20201218_JM	20201218	20201218_JM_01	1	E	14	4T1	E14	213	mADAR_pooled	none	mIFNg	100ng/mL	none	E	14	213	4120000
20201218_JM	20201218	20201218_JM_01	1	F	14	4T1	F14	214	mTREX1_pooled	none	mIFNg	100ng/mL	none	F	14	214	3820000
20201218_JM	20201218	20201218_JM_01	1	G	14	4T1	G14	215	mWRN_pooled	none	mIFNg	100ng/mL	none	G	14	215	4410000
20201218_JM	20201218	20201218_JM_01	1	H	14	4T1	H14	216	mDHX9_pooled	none	mIFNg	100ng/mL	none	H	14	216	3760000
20201218_JM	20201218	20201218_JM_01	1	I	14	4T1	I14	217	mDDX5_pooled	none	mIFNg	100ng/mL	none	I	14	217	4380000
20201218_JM	20201218	20201218_JM_01	1	J	14	4T1	J14	218	mRNASEH2A_pooled	none	mIFNg	100ng/mL	none	J	14	218	4090000
20201218_JM	20201218	20201218_JM_01	1	K	14	4T1	K14	219	mDDX3X_pooled	none	mIFNg	100ng/mL	none	K	14	219	4120000
20201218_JM	20201218	20201218_JM_01	1	L	14	4T1	L14	220	mPARP14_pooled	none	mIFNg	100ng/mL	none	L	14	220	4750000
20201218_JM	20201218	20201218_JM_01	1	M	14	4T1	M14	221	mDDX6_pooled	none	mIFNg	100ng/mL	none	M	14	221	4300000
20201218_JM	20201218	20201218_JM_01	1	N	14	4T1	N14	222	Lethal	pos	mIFNg	100ng/mL	none	N	14	222	1600000
20201218_JM	20201218	20201218_JM_01	1	O	14	4T1	O14	223	NULL	NULL	mIFNg	100ng/mL	none	O	14	223	4550000
20201218_JM	20201218	20201218_JM_01	1	P	14	4T1	P14	224	NULL	NULL	mIFNg	100ng/mL	none	P	14	224	4560000
20201218_JM	20201218	20201218_JM_01	1	A	15	4T1	A15	225	NULL	NULL	poly(dA:dT)	0.25ug/mL	none	A	15	225	4820000
20201218_JM	20201218	20201218_JM_01	1	B	15	4T1	B15	226	NULL	NULL	poly(dA:dT)	0.25ug/mL	none	B	15	226	5330000
20201218_JM	20201218	20201218_JM_01	1	C	15	4T1	C15	227	NC_pooled	neg	poly(dA:dT)	0.25ug/mL	none	C	15	227	5050000
20201218_JM	20201218	20201218_JM_01	1	D	15	4T1	D15	228	mPARP7_pooled	none	poly(dA:dT)	0.25ug/mL	none	D	15	228	5730000
20201218_JM	20201218	20201218_JM_01	1	E	15	4T1	E15	229	mADAR_pooled	none	poly(dA:dT)	0.25ug/mL	none	E	15	229	5390000
20201218_JM	20201218	20201218_JM_01	1	F	15	4T1	F15	230	mTREX1_pooled	none	poly(dA:dT)	0.25ug/mL	none	F	15	230	5370000
20201218_JM	20201218	20201218_JM_01	1	G	15	4T1	G15	231	mWRN_pooled	none	poly(dA:dT)	0.25ug/mL	none	G	15	231	6080000
20201218_JM	20201218	20201218_JM_01	1	H	15	4T1	H15	232	mDHX9_pooled	none	poly(dA:dT)	0.25ug/mL	none	H	15	232	5260000
20201218_JM	20201218	20201218_JM_01	1	I	15	4T1	I15	233	mDDX5_pooled	none	poly(dA:dT)	0.25ug/mL	none	I	15	233	5540000
20201218_JM	20201218	20201218_JM_01	1	J	15	4T1	J15	234	mRNASEH2A_pooled	none	poly(dA:dT)	0.25ug/mL	none	J	15	234	5060000
20201218_JM	20201218	20201218_JM_01	1	K	15	4T1	K15	235	mDDX3X_pooled	none	poly(dA:dT)	0.25ug/mL	none	K	15	235	4770000
20201218_JM	20201218	20201218_JM_01	1	L	15	4T1	L15	236	mPARP14_pooled	none	poly(dA:dT)	0.25ug/mL	none	L	15	236	5200000
20201218_JM	20201218	20201218_JM_01	1	M	15	4T1	M15	237	mDDX6_pooled	none	poly(dA:dT)	0.25ug/mL	none	M	15	237	5070000
20201218_JM	20201218	20201218_JM_01	1	N	15	4T1	N15	238	Lethal	pos	poly(dA:dT)	0.25ug/mL	none	N	15	238	402800
20201218_JM	20201218	20201218_JM_01	1	O	15	4T1	O15	239	NULL	NULL	poly(dA:dT)	0.25ug/mL	none	O	15	239	6000000
20201218_JM	20201218	20201218_JM_01	1	P	15	4T1	P15	240	NULL	NULL	poly(dA:dT)	0.25ug/mL	none	P	15	240	5290000
20201218_JM	20201218	20201218_JM_01	1	A	16	4T1	A16	241	NULL	NULL	poly(dA:dT)	0.25ug/mL	none	A	16	241	5430000
20201218_JM	20201218	20201218_JM_01	1	B	16	4T1	B16	242	NULL	NULL	poly(dA:dT)	0.25ug/mL	none	B	16	242	4480000
20201218_JM	20201218	20201218_JM_01	1	C	16	4T1	C16	243	NC_pooled	neg	poly(dA:dT)	0.25ug/mL	none	C	16	243	4570000
20201218_JM	20201218	20201218_JM_01	1	D	16	4T1	D16	244	mPARP7_pooled	none	poly(dA:dT)	0.25ug/mL	none	D	16	244	5300000
20201218_JM	20201218	20201218_JM_01	1	E	16	4T1	E16	245	mADAR_pooled	none	poly(dA:dT)	0.25ug/mL	none	E	16	245	6500000
20201218_JM	20201218	20201218_JM_01	1	F	16	4T1	F16	246	mTREX1_pooled	none	poly(dA:dT)	0.25ug/mL	none	F	16	246	5410000
20201218_JM	20201218	20201218_JM_01	1	G	16	4T1	G16	247	mWRN_pooled	none	poly(dA:dT)	0.25ug/mL	none	G	16	247	6400000
20201218_JM	20201218	20201218_JM_01	1	H	16	4T1	H16	248	mDHX9_pooled	none	poly(dA:dT)	0.25ug/mL	none	H	16	248	4270000
20201218_JM	20201218	20201218_JM_01	1	I	16	4T1	I16	249	mDDX5_pooled	none	poly(dA:dT)	0.25ug/mL	none	I	16	249	5550000
20201218_JM	20201218	20201218_JM_01	1	J	16	4T1	J16	250	mRNASEH2A_pooled	none	poly(dA:dT)	0.25ug/mL	none	J	16	250	4840000
20201218_JM	20201218	20201218_JM_01	1	K	16	4T1	K16	251	mDDX3X_pooled	none	poly(dA:dT)	0.25ug/mL	none	K	16	251	5260000
20201218_JM	20201218	20201218_JM_01	1	L	16	4T1	L16	252	mPARP14_pooled	none	poly(dA:dT)	0.25ug/mL	none	L	16	252	4870000
20201218_JM	20201218	20201218_JM_01	1	M	16	4T1	M16	253	mDDX6_pooled	none	poly(dA:dT)	0.25ug/mL	none	M	16	253	5360000
20201218_JM	20201218	20201218_JM_01	1	N	16	4T1	N16	254	Lethal	pos	poly(dA:dT)	0.25ug/mL	none	N	16	254	283640
20201218_JM	20201218	20201218_JM_01	1	O	16	4T1	O16	255	NULL	NULL	poly(dA:dT)	0.25ug/mL	none	O	16	255	6130000
20201218_JM	20201218	20201218_JM_01	1	P	16	4T1	P16	256	NULL	NULL	poly(dA:dT)	0.25ug/mL	none	P	16	256	5000000
20201218_JM	20201218	20201218_JM_01	1	A	17	4T1	A17	257	NULL	NULL	poly(dA:dT)	0.25ug/mL	none	A	17	257	4750000
20201218_JM	20201218	20201218_JM_01	1	B	17	4T1	B17	258	NULL	NULL	poly(dA:dT)	0.25ug/mL	none	B	17	258	5450000
20201218_JM	20201218	20201218_JM_01	1	C	17	4T1	C17	259	NC_pooled	neg	poly(dA:dT)	0.25ug/mL	none	C	17	259	4880000
20201218_JM	20201218	20201218_JM_01	1	D	17	4T1	D17	260	mPARP7_pooled	none	poly(dA:dT)	0.25ug/mL	none	D	17	260	5100000
20201218_JM	20201218	20201218_JM_01	1	E	17	4T1	E17	261	mADAR_pooled	none	poly(dA:dT)	0.25ug/mL	none	E	17	261	5180000
20201218_JM	20201218	20201218_JM_01	1	F	17	4T1	F17	262	mTREX1_pooled	none	poly(dA:dT)	0.25ug/mL	none	F	17	262	4950000
20201218_JM	20201218	20201218_JM_01	1	G	17	4T1	G17	263	mWRN_pooled	none	poly(dA:dT)	0.25ug/mL	none	G	17	263	5970000
20201218_JM	20201218	20201218_JM_01	1	H	17	4T1	H17	264	mDHX9_pooled	none	poly(dA:dT)	0.25ug/mL	none	H	17	264	4220000
20201218_JM	20201218	20201218_JM_01	1	I	17	4T1	I17	265	mDDX5_pooled	none	poly(dA:dT)	0.25ug/mL	none	I	17	265	3160000
20201218_JM	20201218	20201218_JM_01	1	J	17	4T1	J17	266	mRNASEH2A_pooled	none	poly(dA:dT)	0.25ug/mL	none	J	17	266	5320000
20201218_JM	20201218	20201218_JM_01	1	K	17	4T1	K17	267	mDDX3X_pooled	none	poly(dA:dT)	0.25ug/mL	none	K	17	267	4760000
20201218_JM	20201218	20201218_JM_01	1	L	17	4T1	L17	268	mPARP14_pooled	none	poly(dA:dT)	0.25ug/mL	none	L	17	268	5470000
20201218_JM	20201218	20201218_JM_01	1	M	17	4T1	M17	269	mDDX6_pooled	none	poly(dA:dT)	0.25ug/mL	none	M	17	269	4940000
20201218_JM	20201218	20201218_JM_01	1	N	17	4T1	N17	270	Lethal	pos	poly(dA:dT)	0.25ug/mL	none	N	17	270	1520000
20201218_JM	20201218	20201218_JM_01	1	O	17	4T1	O17	271	NULL	NULL	poly(dA:dT)	0.25ug/mL	none	O	17	271	5790000
20201218_JM	20201218	20201218_JM_01	1	P	17	4T1	P17	272	NULL	NULL	poly(dA:dT)	0.25ug/mL	none	P	17	272	5770000
20201218_JM	20201218	20201218_JM_01	1	A	18	4T1	A18	273	NULL	NULL	poly(dA:dT)	0.25ug/mL	none	A	18	273	5160000
20201218_JM	20201218	20201218_JM_01	1	B	18	4T1	B18	274	NULL	NULL	poly(dA:dT)	0.25ug/mL	none	B	18	274	4480000
20201218_JM	20201218	20201218_JM_01	1	C	18	4T1	C18	275	NC_pooled	neg	poly(dA:dT)	0.25ug/mL	none	C	18	275	5130000
20201218_JM	20201218	20201218_JM_01	1	D	18	4T1	D18	276	mPARP7_pooled	none	poly(dA:dT)	0.25ug/mL	none	D	18	276	5720000
20201218_JM	20201218	20201218_JM_01	1	E	18	4T1	E18	277	mADAR_pooled	none	poly(dA:dT)	0.25ug/mL	none	E	18	277	5570000
20201218_JM	20201218	20201218_JM_01	1	F	18	4T1	F18	278	mTREX1_pooled	none	poly(dA:dT)	0.25ug/mL	none	F	18	278	5880000
20201218_JM	20201218	20201218_JM_01	1	G	18	4T1	G18	279	mWRN_pooled	none	poly(dA:dT)	0.25ug/mL	none	G	18	279	5120000
20201218_JM	20201218	20201218_JM_01	1	H	18	4T1	H18	280	mDHX9_pooled	none	poly(dA:dT)	0.25ug/mL	none	H	18	280	4590000
20201218_JM	20201218	20201218_JM_01	1	I	18	4T1	I18	281	mDDX5_pooled	none	poly(dA:dT)	0.25ug/mL	none	I	18	281	5350000
20201218_JM	20201218	20201218_JM_01	1	J	18	4T1	J18	282	mRNASEH2A_pooled	none	poly(dA:dT)	0.25ug/mL	none	J	18	282	5010000
20201218_JM	20201218	20201218_JM_01	1	K	18	4T1	K18	283	mDDX3X_pooled	none	poly(dA:dT)	0.25ug/mL	none	K	18	283	4440000
20201218_JM	20201218	20201218_JM_01	1	L	18	4T1	L18	284	mPARP14_pooled	none	poly(dA:dT)	0.25ug/mL	none	L	18	284	5520000
20201218_JM	20201218	20201218_JM_01	1	M	18	4T1	M18	285	mDDX6_pooled	none	poly(dA:dT)	0.25ug/mL	none	M	18	285	4830000
20201218_JM	20201218	20201218_JM_01	1	N	18	4T1	N18	286	Lethal	pos	poly(dA:dT)	0.25ug/mL	none	N	18	286	1230000
20201218_JM	20201218	20201218_JM_01	1	O	18	4T1	O18	287	NULL	NULL	poly(dA:dT)	0.25ug/mL	none	O	18	287	6250000
20201218_JM	20201218	20201218_JM_01	1	P	18	4T1	P18	288	NULL	NULL	poly(dA:dT)	0.25ug/mL	none	P	18	288	4950000
20201218_JM	20201218	20201218_JM_01	1	A	19	4T1	A19	289	NULL	NULL	hpRNA	0.25ug/mL	none	A	19	289	2470000
20201218_JM	20201218	20201218_JM_01	1	B	19	4T1	B19	290	NULL	NULL	hpRNA	0.25ug/mL	none	B	19	290	1850000
20201218_JM	20201218	20201218_JM_01	1	C	19	4T1	C19	291	NC_pooled	neg	hpRNA	0.25ug/mL	none	C	19	291	1910000
20201218_JM	20201218	20201218_JM_01	1	D	19	4T1	D19	292	mPARP7_pooled	none	hpRNA	0.25ug/mL	none	D	19	292	1350000
20201218_JM	20201218	20201218_JM_01	1	E	19	4T1	E19	293	mADAR_pooled	none	hpRNA	0.25ug/mL	none	E	19	293	1600000
20201218_JM	20201218	20201218_JM_01	1	F	19	4T1	F19	294	mTREX1_pooled	none	hpRNA	0.25ug/mL	none	F	19	294	1730000
20201218_JM	20201218	20201218_JM_01	1	G	19	4T1	G19	295	mWRN_pooled	none	hpRNA	0.25ug/mL	none	G	19	295	1840000
20201218_JM	20201218	20201218_JM_01	1	H	19	4T1	H19	296	mDHX9_pooled	none	hpRNA	0.25ug/mL	none	H	19	296	1330000
20201218_JM	20201218	20201218_JM_01	1	I	19	4T1	I19	297	mDDX5_pooled	none	hpRNA	0.25ug/mL	none	I	19	297	1810000
20201218_JM	20201218	20201218_JM_01	1	J	19	4T1	J19	298	mRNASEH2A_pooled	none	hpRNA	0.25ug/mL	none	J	19	298	1950000
20201218_JM	20201218	20201218_JM_01	1	K	19	4T1	K19	299	mDDX3X_pooled	none	hpRNA	0.25ug/mL	none	K	19	299	1220000
20201218_JM	20201218	20201218_JM_01	1	L	19	4T1	L19	300	mPARP14_pooled	none	hpRNA	0.25ug/mL	none	L	19	300	1890000
20201218_JM	20201218	20201218_JM_01	1	M	19	4T1	M19	301	mDDX6_pooled	none	hpRNA	0.25ug/mL	none	M	19	301	1110000
20201218_JM	20201218	20201218_JM_01	1	N	19	4T1	N19	302	Lethal	pos	hpRNA	0.25ug/mL	none	N	19	302	627800
20201218_JM	20201218	20201218_JM_01	1	O	19	4T1	O19	303	NULL	NULL	hpRNA	0.25ug/mL	none	O	19	303	2750000
20201218_JM	20201218	20201218_JM_01	1	P	19	4T1	P19	304	NULL	NULL	hpRNA	0.25ug/mL	none	P	19	304	3100000
20201218_JM	20201218	20201218_JM_01	1	A	20	4T1	A20	305	NULL	NULL	hpRNA	0.25ug/mL	none	A	20	305	2810000
20201218_JM	20201218	20201218_JM_01	1	B	20	4T1	B20	306	NULL	NULL	hpRNA	0.25ug/mL	none	B	20	306	1670000
20201218_JM	20201218	20201218_JM_01	1	C	20	4T1	C20	307	NC_pooled	neg	hpRNA	0.25ug/mL	none	C	20	307	1350000
20201218_JM	20201218	20201218_JM_01	1	D	20	4T1	D20	308	mPARP7_pooled	none	hpRNA	0.25ug/mL	none	D	20	308	1550000
20201218_JM	20201218	20201218_JM_01	1	E	20	4T1	E20	309	mADAR_pooled	none	hpRNA	0.25ug/mL	none	E	20	309	1450000
20201218_JM	20201218	20201218_JM_01	1	F	20	4T1	F20	310	mTREX1_pooled	none	hpRNA	0.25ug/mL	none	F	20	310	1490000
20201218_JM	20201218	20201218_JM_01	1	G	20	4T1	G20	311	mWRN_pooled	none	hpRNA	0.25ug/mL	none	G	20	311	1600000
20201218_JM	20201218	20201218_JM_01	1	H	20	4T1	H20	312	mDHX9_pooled	none	hpRNA	0.25ug/mL	none	H	20	312	934760
20201218_JM	20201218	20201218_JM_01	1	I	20	4T1	I20	313	mDDX5_pooled	none	hpRNA	0.25ug/mL	none	I	20	313	1570000
20201218_JM	20201218	20201218_JM_01	1	J	20	4T1	J20	314	mRNASEH2A_pooled	none	hpRNA	0.25ug/mL	none	J	20	314	1480000
20201218_JM	20201218	20201218_JM_01	1	K	20	4T1	K20	315	mDDX3X_pooled	none	hpRNA	0.25ug/mL	none	K	20	315	1420000
20201218_JM	20201218	20201218_JM_01	1	L	20	4T1	L20	316	mPARP14_pooled	none	hpRNA	0.25ug/mL	none	L	20	316	1730000
20201218_JM	20201218	20201218_JM_01	1	M	20	4T1	M20	317	mDDX6_pooled	none	hpRNA	0.25ug/mL	none	M	20	317	1410000
20201218_JM	20201218	20201218_JM_01	1	N	20	4T1	N20	318	Lethal	pos	hpRNA	0.25ug/mL	none	N	20	318	227000
20201218_JM	20201218	20201218_JM_01	1	O	20	4T1	O20	319	NULL	NULL	hpRNA	0.25ug/mL	none	O	20	319	2570000
20201218_JM	20201218	20201218_JM_01	1	P	20	4T1	P20	320	NULL	NULL	hpRNA	0.25ug/mL	none	P	20	320	3260000
20201218_JM	20201218	20201218_JM_01	1	A	21	4T1	A21	321	NULL	NULL	hpRNA	0.25ug/mL	none	A	21	321	3670000
20201218_JM	20201218	20201218_JM_01	1	B	21	4T1	B21	322	NULL	NULL	hpRNA	0.25ug/mL	none	B	21	322	2040000
20201218_JM	20201218	20201218_JM_01	1	C	21	4T1	C21	323	NC_pooled	neg	hpRNA	0.25ug/mL	none	C	21	323	1840000
20201218_JM	20201218	20201218_JM_01	1	D	21	4T1	D21	324	mPARP7_pooled	none	hpRNA	0.25ug/mL	none	D	21	324	1410000
20201218_JM	20201218	20201218_JM_01	1	E	21	4T1	E21	325	mADAR_pooled	none	hpRNA	0.25ug/mL	none	E	21	325	1670000
20201218_JM	20201218	20201218_JM_01	1	F	21	4T1	F21	326	mTREX1_pooled	none	hpRNA	0.25ug/mL	none	F	21	326	1830000
20201218_JM	20201218	20201218_JM_01	1	G	21	4T1	G21	327	mWRN_pooled	none	hpRNA	0.25ug/mL	none	G	21	327	2140000
20201218_JM	20201218	20201218_JM_01	1	H	21	4T1	H21	328	mDHX9_pooled	none	hpRNA	0.25ug/mL	none	H	21	328	1310000
20201218_JM	20201218	20201218_JM_01	1	I	21	4T1	I21	329	mDDX5_pooled	none	hpRNA	0.25ug/mL	none	I	21	329	1760000
20201218_JM	20201218	20201218_JM_01	1	J	21	4T1	J21	330	mRNASEH2A_pooled	none	hpRNA	0.25ug/mL	none	J	21	330	1780000
20201218_JM	20201218	20201218_JM_01	1	K	21	4T1	K21	331	mDDX3X_pooled	none	hpRNA	0.25ug/mL	none	K	21	331	1050000
20201218_JM	20201218	20201218_JM_01	1	L	21	4T1	L21	332	mPARP14_pooled	none	hpRNA	0.25ug/mL	none	L	21	332	2060000
20201218_JM	20201218	20201218_JM_01	1	M	21	4T1	M21	333	mDDX6_pooled	none	hpRNA	0.25ug/mL	none	M	21	333	1910000
20201218_JM	20201218	20201218_JM_01	1	N	21	4T1	N21	334	Lethal	pos	hpRNA	0.25ug/mL	none	N	21	334	300920
20201218_JM	20201218	20201218_JM_01	1	O	21	4T1	O21	335	NULL	NULL	hpRNA	0.25ug/mL	none	O	21	335	1920000
20201218_JM	20201218	20201218_JM_01	1	P	21	4T1	P21	336	NULL	NULL	hpRNA	0.25ug/mL	none	P	21	336	2790000
20201218_JM	20201218	20201218_JM_01	1	A	22	4T1	A22	337	NULL	NULL	hpRNA	0.25ug/mL	none	A	22	337	3030000
20201218_JM	20201218	20201218_JM_01	1	B	22	4T1	B22	338	NULL	NULL	hpRNA	0.25ug/mL	none	B	22	338	1780000
20201218_JM	20201218	20201218_JM_01	1	C	22	4T1	C22	339	NC_pooled	neg	hpRNA	0.25ug/mL	none	C	22	339	1760000
20201218_JM	20201218	20201218_JM_01	1	D	22	4T1	D22	340	mPARP7_pooled	none	hpRNA	0.25ug/mL	none	D	22	340	1510000
20201218_JM	20201218	20201218_JM_01	1	E	22	4T1	E22	341	mADAR_pooled	none	hpRNA	0.25ug/mL	none	E	22	341	1370000
20201218_JM	20201218	20201218_JM_01	1	F	22	4T1	F22	342	mTREX1_pooled	none	hpRNA	0.25ug/mL	none	F	22	342	1860000
20201218_JM	20201218	20201218_JM_01	1	G	22	4T1	G22	343	mWRN_pooled	none	hpRNA	0.25ug/mL	none	G	22	343	1660000
20201218_JM	20201218	20201218_JM_01	1	H	22	4T1	H22	344	mDHX9_pooled	none	hpRNA	0.25ug/mL	none	H	22	344	1270000
20201218_JM	20201218	20201218_JM_01	1	I	22	4T1	I22	345	mDDX5_pooled	none	hpRNA	0.25ug/mL	none	I	22	345	1800000
20201218_JM	20201218	20201218_JM_01	1	J	22	4T1	J22	346	mRNASEH2A_pooled	none	hpRNA	0.25ug/mL	none	J	22	346	1870000
20201218_JM	20201218	20201218_JM_01	1	K	22	4T1	K22	347	mDDX3X_pooled	none	hpRNA	0.25ug/mL	none	K	22	347	1460000
20201218_JM	20201218	20201218_JM_01	1	L	22	4T1	L22	348	mPARP14_pooled	none	hpRNA	0.25ug/mL	none	L	22	348	1830000
20201218_JM	20201218	20201218_JM_01	1	M	22	4T1	M22	349	mDDX6_pooled	none	hpRNA	0.25ug/mL	none	M	22	349	1090000
20201218_JM	20201218	20201218_JM_01	1	N	22	4T1	N22	350	Lethal	pos	hpRNA	0.25ug/mL	none	N	22	350	85960
20201218_JM	20201218	20201218_JM_01	1	O	22	4T1	O22	351	NULL	NULL	hpRNA	0.25ug/mL	none	O	22	351	2380000
20201218_JM	20201218	20201218_JM_01	1	P	22	4T1	P22	352	NULL	NULL	hpRNA	0.25ug/mL	none	P	22	352	2740000
20201218_JM	20201218	20201218_JM_01	1	A	23	4T1	A23	353	NULL	NULL	NULL	0	NULL	A	23	353	19400
20201218_JM	20201218	20201218_JM_01	1	B	23	4T1	B23	354	NULL	NULL	NULL	0	NULL	B	23	354	11680
20201218_JM	20201218	20201218_JM_01	1	C	23	4T1	C23	355	NC_pooled	neg	NULL	0	NULL	C	23	355	11920
20201218_JM	20201218	20201218_JM_01	1	D	23	4T1	D23	356	mPARP7_pooled	none	NULL	0	NULL	D	23	356	9400
20201218_JM	20201218	20201218_JM_01	1	E	23	4T1	E23	357	mADAR_pooled	none	NULL	0	NULL	E	23	357	9040
20201218_JM	20201218	20201218_JM_01	1	F	23	4T1	F23	358	mTREX1_pooled	none	NULL	0	NULL	F	23	358	11320
20201218_JM	20201218	20201218_JM_01	1	G	23	4T1	G23	359	mWRN_pooled	none	NULL	0	NULL	G	23	359	9400
20201218_JM	20201218	20201218_JM_01	1	H	23	4T1	H23	360	mDHX9_pooled	none	NULL	0	NULL	H	23	360	7640
20201218_JM	20201218	20201218_JM_01	1	I	23	4T1	I23	361	mDDX5_pooled	none	NULL	0	NULL	I	23	361	9320
20201218_JM	20201218	20201218_JM_01	1	J	23	4T1	J23	362	mRNASEH2A_pooled	none	NULL	0	NULL	J	23	362	9960
20201218_JM	20201218	20201218_JM_01	1	K	23	4T1	K23	363	mDDX3X_pooled	none	NULL	0	NULL	K	23	363	7280
20201218_JM	20201218	20201218_JM_01	1	L	23	4T1	L23	364	mPARP14_pooled	none	NULL	0	NULL	L	23	364	9360
20201218_JM	20201218	20201218_JM_01	1	M	23	4T1	M23	365	mDDX6_pooled	none	NULL	0	NULL	M	23	365	5680
20201218_JM	20201218	20201218_JM_01	1	N	23	4T1	N23	366	Lethal	pos	NULL	0	NULL	N	23	366	1600
20201218_JM	20201218	20201218_JM_01	1	O	23	4T1	O23	367	NULL	NULL	NULL	0	NULL	O	23	367	12080
20201218_JM	20201218	20201218_JM_01	1	P	23	4T1	P23	368	NULL	NULL	NULL	0	NULL	P	23	368	13960
20201218_JM	20201218	20201218_JM_01	1	A	24	4T1	A24	369	NULL	NULL	NULL	0	NULL	A	24	369	320
20201218_JM	20201218	20201218_JM_01	1	B	24	4T1	B24	370	NULL	NULL	NULL	0	NULL	B	24	370	320
20201218_JM	20201218	20201218_JM_01	1	C	24	4T1	C24	371	NC_pooled	neg	NULL	0	NULL	C	24	371	400
20201218_JM	20201218	20201218_JM_01	1	D	24	4T1	D24	372	mPARP7_pooled	none	NULL	0	NULL	D	24	372	360
20201218_JM	20201218	20201218_JM_01	1	E	24	4T1	E24	373	mADAR_pooled	none	NULL	0	NULL	E	24	373	280
20201218_JM	20201218	20201218_JM_01	1	F	24	4T1	F24	374	mTREX1_pooled	none	NULL	0	NULL	F	24	374	360
20201218_JM	20201218	20201218_JM_01	1	G	24	4T1	G24	375	mWRN_pooled	none	NULL	0	NULL	G	24	375	360
20201218_JM	20201218	20201218_JM_01	1	H	24	4T1	H24	376	mDHX9_pooled	none	NULL	0	NULL	H	24	376	400
20201218_JM	20201218	20201218_JM_01	1	I	24	4T1	I24	377	mDDX5_pooled	none	NULL	0	NULL	I	24	377	440
20201218_JM	20201218	20201218_JM_01	1	J	24	4T1	J24	378	mRNASEH2A_pooled	none	NULL	0	NULL	J	24	378	400
20201218_JM	20201218	20201218_JM_01	1	K	24	4T1	K24	379	mDDX3X_pooled	none	NULL	0	NULL	K	24	379	360
20201218_JM	20201218	20201218_JM_01	1	L	24	4T1	L24	380	mPARP14_pooled	none	NULL	0	NULL	L	24	380	360
20201218_JM	20201218	20201218_JM_01	1	M	24	4T1	M24	381	mDDX6_pooled	none	NULL	0	NULL	M	24	381	440
20201218_JM	20201218	20201218_JM_01	1	N	24	4T1	N24	382	Lethal	pos	NULL	0	NULL	N	24	382	320
20201218_JM	20201218	20201218_JM_01	1	O	24	4T1	O24	383	NULL	NULL	NULL	0	NULL	O	24	383	440
20201218_JM	20201218	20201218_JM_01	1	P	24	4T1	P24	384	NULL	NULL	NULL	0	NULL	P	24	384	360
20201218_JM	20201218	20201218_JM_02	2	A	1	CT26	A01	1	NULL	NULL	NULL	0	NULL	A	1	1	1320
20201218_JM	20201218	20201218_JM_02	2	B	1	CT26	B01	2	NULL	NULL	NULL	0	NULL	B	1	2	1680
20201218_JM	20201218	20201218_JM_02	2	C	1	CT26	C01	3	NC_pooled	neg	NULL	0	NULL	C	1	3	1520
20201218_JM	20201218	20201218_JM_02	2	D	1	CT26	D01	4	mPARP7_pooled	none	NULL	0	NULL	D	1	4	1160
20201218_JM	20201218	20201218_JM_02	2	E	1	CT26	E01	5	mADAR_pooled	none	NULL	0	NULL	E	1	5	1120
20201218_JM	20201218	20201218_JM_02	2	F	1	CT26	F01	6	mTREX1_pooled	none	NULL	0	NULL	F	1	6	1000
20201218_JM	20201218	20201218_JM_02	2	G	1	CT26	G01	7	mWRN_pooled	none	NULL	0	NULL	G	1	7	880
20201218_JM	20201218	20201218_JM_02	2	H	1	CT26	H01	8	mDHX9_pooled	none	NULL	0	NULL	H	1	8	640
20201218_JM	20201218	20201218_JM_02	2	I	1	CT26	I01	9	mDDX5_pooled	none	NULL	0	NULL	I	1	9	760
20201218_JM	20201218	20201218_JM_02	2	J	1	CT26	J01	10	mRNASEH2A_pooled	none	NULL	0	NULL	J	1	10	600
20201218_JM	20201218	20201218_JM_02	2	K	1	CT26	K01	11	mDDX3X_pooled	none	NULL	0	NULL	K	1	11	640
20201218_JM	20201218	20201218_JM_02	2	L	1	CT26	L01	12	mPARP14_pooled	none	NULL	0	NULL	L	1	12	760
20201218_JM	20201218	20201218_JM_02	2	M	1	CT26	M01	13	mDDX6_pooled	none	NULL	0	NULL	M	1	13	800
20201218_JM	20201218	20201218_JM_02	2	N	1	CT26	N01	14	Lethal	pos	NULL	0	NULL	N	1	14	600
20201218_JM	20201218	20201218_JM_02	2	O	1	CT26	O01	15	NULL	NULL	NULL	0	NULL	O	1	15	680
20201218_JM	20201218	20201218_JM_02	2	P	1	CT26	P01	16	NULL	NULL	NULL	0	NULL	P	1	16	760
20201218_JM	20201218	20201218_JM_02	2	A	2	CT26	A02	17	NULL	NULL	NULL	0	NULL	A	2	17	68280
20201218_JM	20201218	20201218_JM_02	2	B	2	CT26	B02	18	NULL	NULL	NULL	0	NULL	B	2	18	74440
20201218_JM	20201218	20201218_JM_02	2	C	2	CT26	C02	19	NC_pooled	neg	NULL	0	NULL	C	2	19	61000
20201218_JM	20201218	20201218_JM_02	2	D	2	CT26	D02	20	mPARP7_pooled	none	NULL	0	NULL	D	2	20	37440
20201218_JM	20201218	20201218_JM_02	2	E	2	CT26	E02	21	mADAR_pooled	none	NULL	0	NULL	E	2	21	24920
20201218_JM	20201218	20201218_JM_02	2	F	2	CT26	F02	22	mTREX1_pooled	none	NULL	0	NULL	F	2	22	44360
20201218_JM	20201218	20201218_JM_02	2	G	2	CT26	G02	23	mWRN_pooled	none	NULL	0	NULL	G	2	23	46960
20201218_JM	20201218	20201218_JM_02	2	H	2	CT26	H02	24	mDHX9_pooled	none	NULL	0	NULL	H	2	24	13680
20201218_JM	20201218	20201218_JM_02	2	I	2	CT26	I02	25	mDDX5_pooled	none	NULL	0	NULL	I	2	25	42440
20201218_JM	20201218	20201218_JM_02	2	J	2	CT26	J02	26	mRNASEH2A_pooled	none	NULL	0	NULL	J	2	26	26920
20201218_JM	20201218	20201218_JM_02	2	K	2	CT26	K02	27	mDDX3X_pooled	none	NULL	0	NULL	K	2	27	25360
20201218_JM	20201218	20201218_JM_02	2	L	2	CT26	L02	28	mPARP14_pooled	none	NULL	0	NULL	L	2	28	44360
20201218_JM	20201218	20201218_JM_02	2	M	2	CT26	M02	29	mDDX6_pooled	none	NULL	0	NULL	M	2	29	40560
20201218_JM	20201218	20201218_JM_02	2	N	2	CT26	N02	30	Lethal	pos	NULL	0	NULL	N	2	30	5040
20201218_JM	20201218	20201218_JM_02	2	O	2	CT26	O02	31	NULL	NULL	NULL	0	NULL	O	2	31	54520
20201218_JM	20201218	20201218_JM_02	2	P	2	CT26	P02	32	NULL	NULL	NULL	0	NULL	P	2	32	63440
20201218_JM	20201218	20201218_JM_02	2	A	3	CT26	A03	33	NULL	NULL	PBS	-1	neg	A	3	33	11500000
20201218_JM	20201218	20201218_JM_02	2	B	3	CT26	B03	34	NULL	NULL	PBS	-1	neg	B	3	34	11600000
20201218_JM	20201218	20201218_JM_02	2	C	3	CT26	C03	35	NC_pooled	neg	PBS	-1	neg	C	3	35	9410000
20201218_JM	20201218	20201218_JM_02	2	D	3	CT26	D03	36	mPARP7_pooled	none	PBS	-1	neg	D	3	36	5960000
20201218_JM	20201218	20201218_JM_02	2	E	3	CT26	E03	37	mADAR_pooled	none	PBS	-1	neg	E	3	37	3950000
20201218_JM	20201218	20201218_JM_02	2	F	3	CT26	F03	38	mTREX1_pooled	none	PBS	-1	neg	F	3	38	7940000
20201218_JM	20201218	20201218_JM_02	2	G	3	CT26	G03	39	mWRN_pooled	none	PBS	-1	neg	G	3	39	8630000
20201218_JM	20201218	20201218_JM_02	2	H	3	CT26	H03	40	mDHX9_pooled	none	PBS	-1	neg	H	3	40	1750000
20201218_JM	20201218	20201218_JM_02	2	I	3	CT26	I03	41	mDDX5_pooled	none	PBS	-1	neg	I	3	41	7960000
20201218_JM	20201218	20201218_JM_02	2	J	3	CT26	J03	42	mRNASEH2A_pooled	none	PBS	-1	neg	J	3	42	4730000
20201218_JM	20201218	20201218_JM_02	2	K	3	CT26	K03	43	mDDX3X_pooled	none	PBS	-1	neg	K	3	43	4530000
20201218_JM	20201218	20201218_JM_02	2	L	3	CT26	L03	44	mPARP14_pooled	none	PBS	-1	neg	L	3	44	8130000
20201218_JM	20201218	20201218_JM_02	2	M	3	CT26	M03	45	mDDX6_pooled	none	PBS	-1	neg	M	3	45	7850000
20201218_JM	20201218	20201218_JM_02	2	N	3	CT26	N03	46	Lethal	pos	PBS	-1	neg	N	3	46	196560
20201218_JM	20201218	20201218_JM_02	2	O	3	CT26	O03	47	NULL	NULL	PBS	-1	neg	O	3	47	10300000
20201218_JM	20201218	20201218_JM_02	2	P	3	CT26	P03	48	NULL	NULL	PBS	-1	neg	P	3	48	11600000
20201218_JM	20201218	20201218_JM_02	2	A	4	CT26	A04	49	NULL	NULL	PBS	-1	neg	A	4	49	12200000
20201218_JM	20201218	20201218_JM_02	2	B	4	CT26	B04	50	NULL	NULL	PBS	-1	neg	B	4	50	10400000
20201218_JM	20201218	20201218_JM_02	2	C	4	CT26	C04	51	NC_pooled	neg	PBS	-1	neg	C	4	51	9400000
20201218_JM	20201218	20201218_JM_02	2	D	4	CT26	D04	52	mPARP7_pooled	none	PBS	-1	neg	D	4	52	6310000
20201218_JM	20201218	20201218_JM_02	2	E	4	CT26	E04	53	mADAR_pooled	none	PBS	-1	neg	E	4	53	3250000
20201218_JM	20201218	20201218_JM_02	2	F	4	CT26	F04	54	mTREX1_pooled	none	PBS	-1	neg	F	4	54	8400000
20201218_JM	20201218	20201218_JM_02	2	G	4	CT26	G04	55	mWRN_pooled	none	PBS	-1	neg	G	4	55	9030000
20201218_JM	20201218	20201218_JM_02	2	H	4	CT26	H04	56	mDHX9_pooled	none	PBS	-1	neg	H	4	56	4390000
20201218_JM	20201218	20201218_JM_02	2	I	4	CT26	I04	57	mDDX5_pooled	none	PBS	-1	neg	I	4	57	7510000
20201218_JM	20201218	20201218_JM_02	2	J	4	CT26	J04	58	mRNASEH2A_pooled	none	PBS	-1	neg	J	4	58	8910000
20201218_JM	20201218	20201218_JM_02	2	K	4	CT26	K04	59	mDDX3X_pooled	none	PBS	-1	neg	K	4	59	4420000
20201218_JM	20201218	20201218_JM_02	2	L	4	CT26	L04	60	mPARP14_pooled	none	PBS	-1	neg	L	4	60	9150000
20201218_JM	20201218	20201218_JM_02	2	M	4	CT26	M04	61	mDDX6_pooled	none	PBS	-1	neg	M	4	61	9200000
20201218_JM	20201218	20201218_JM_02	2	N	4	CT26	N04	62	Lethal	pos	PBS	-1	neg	N	4	62	243960
20201218_JM	20201218	20201218_JM_02	2	O	4	CT26	O04	63	NULL	NULL	PBS	-1	neg	O	4	63	10700000
20201218_JM	20201218	20201218_JM_02	2	P	4	CT26	P04	64	NULL	NULL	PBS	-1	neg	P	4	64	11100000
20201218_JM	20201218	20201218_JM_02	2	A	5	CT26	A05	65	NULL	NULL	PBS	-1	neg	A	5	65	11000000
20201218_JM	20201218	20201218_JM_02	2	B	5	CT26	B05	66	NULL	NULL	PBS	-1	neg	B	5	66	10300000
20201218_JM	20201218	20201218_JM_02	2	C	5	CT26	C05	67	NC_pooled	neg	PBS	-1	neg	C	5	67	8740000
20201218_JM	20201218	20201218_JM_02	2	D	5	CT26	D05	68	mPARP7_pooled	none	PBS	-1	neg	D	5	68	6270000
20201218_JM	20201218	20201218_JM_02	2	E	5	CT26	E05	69	mADAR_pooled	none	PBS	-1	neg	E	5	69	5220000
20201218_JM	20201218	20201218_JM_02	2	F	5	CT26	F05	70	mTREX1_pooled	none	PBS	-1	neg	F	5	70	8580000
20201218_JM	20201218	20201218_JM_02	2	G	5	CT26	G05	71	mWRN_pooled	none	PBS	-1	neg	G	5	71	8020000
20201218_JM	20201218	20201218_JM_02	2	H	5	CT26	H05	72	mDHX9_pooled	none	PBS	-1	neg	H	5	72	3650000
20201218_JM	20201218	20201218_JM_02	2	I	5	CT26	I05	73	mDDX5_pooled	none	PBS	-1	neg	I	5	73	8410000
20201218_JM	20201218	20201218_JM_02	2	J	5	CT26	J05	74	mRNASEH2A_pooled	none	PBS	-1	neg	J	5	74	8750000
20201218_JM	20201218	20201218_JM_02	2	K	5	CT26	K05	75	mDDX3X_pooled	none	PBS	-1	neg	K	5	75	4320000
20201218_JM	20201218	20201218_JM_02	2	L	5	CT26	L05	76	mPARP14_pooled	none	PBS	-1	neg	L	5	76	7540000
20201218_JM	20201218	20201218_JM_02	2	M	5	CT26	M05	77	mDDX6_pooled	none	PBS	-1	neg	M	5	77	8250000
20201218_JM	20201218	20201218_JM_02	2	N	5	CT26	N05	78	Lethal	pos	PBS	-1	neg	N	5	78	202200
20201218_JM	20201218	20201218_JM_02	2	O	5	CT26	O05	79	NULL	NULL	PBS	-1	neg	O	5	79	10200000
20201218_JM	20201218	20201218_JM_02	2	P	5	CT26	P05	80	NULL	NULL	PBS	-1	neg	P	5	80	11300000
20201218_JM	20201218	20201218_JM_02	2	A	6	CT26	A06	81	NULL	NULL	PBS	-1	neg	A	6	81	9810000
20201218_JM	20201218	20201218_JM_02	2	B	6	CT26	B06	82	NULL	NULL	PBS	-1	neg	B	6	82	8880000
20201218_JM	20201218	20201218_JM_02	2	C	6	CT26	C06	83	NC_pooled	neg	PBS	-1	neg	C	6	83	8550000
20201218_JM	20201218	20201218_JM_02	2	D	6	CT26	D06	84	mPARP7_pooled	none	PBS	-1	neg	D	6	84	6990000
20201218_JM	20201218	20201218_JM_02	2	E	6	CT26	E06	85	mADAR_pooled	none	PBS	-1	neg	E	6	85	4130000
20201218_JM	20201218	20201218_JM_02	2	F	6	CT26	F06	86	mTREX1_pooled	none	PBS	-1	neg	F	6	86	8410000
20201218_JM	20201218	20201218_JM_02	2	G	6	CT26	G06	87	mWRN_pooled	none	PBS	-1	neg	G	6	87	8800000
20201218_JM	20201218	20201218_JM_02	2	H	6	CT26	H06	88	mDHX9_pooled	none	PBS	-1	neg	H	6	88	5400000
20201218_JM	20201218	20201218_JM_02	2	I	6	CT26	I06	89	mDDX5_pooled	none	PBS	-1	neg	I	6	89	7970000
20201218_JM	20201218	20201218_JM_02	2	J	6	CT26	J06	90	mRNASEH2A_pooled	none	PBS	-1	neg	J	6	90	8800000
20201218_JM	20201218	20201218_JM_02	2	K	6	CT26	K06	91	mDDX3X_pooled	none	PBS	-1	neg	K	6	91	3370000
20201218_JM	20201218	20201218_JM_02	2	L	6	CT26	L06	92	mPARP14_pooled	none	PBS	-1	neg	L	6	92	7610000
20201218_JM	20201218	20201218_JM_02	2	M	6	CT26	M06	93	mDDX6_pooled	none	PBS	-1	neg	M	6	93	6910000
20201218_JM	20201218	20201218_JM_02	2	N	6	CT26	N06	94	Lethal	pos	PBS	-1	neg	N	6	94	211760
20201218_JM	20201218	20201218_JM_02	2	O	6	CT26	O06	95	NULL	NULL	PBS	-1	neg	O	6	95	10200000
20201218_JM	20201218	20201218_JM_02	2	P	6	CT26	P06	96	NULL	NULL	PBS	-1	neg	P	6	96	10200000
20201218_JM	20201218	20201218_JM_02	2	A	7	CT26	A07	97	NULL	NULL	mIFNb	1000U/mL	none	A	7	97	6540000
20201218_JM	20201218	20201218_JM_02	2	B	7	CT26	B07	98	NULL	NULL	mIFNb	1000U/mL	none	B	7	98	5750000
20201218_JM	20201218	20201218_JM_02	2	C	7	CT26	C07	99	NC_pooled	neg	mIFNb	1000U/mL	none	C	7	99	4900000
20201218_JM	20201218	20201218_JM_02	2	D	7	CT26	D07	100	mPARP7_pooled	none	mIFNb	1000U/mL	none	D	7	100	4290000
20201218_JM	20201218	20201218_JM_02	2	E	7	CT26	E07	101	mADAR_pooled	none	mIFNb	1000U/mL	none	E	7	101	1700000
20201218_JM	20201218	20201218_JM_02	2	F	7	CT26	F07	102	mTREX1_pooled	none	mIFNb	1000U/mL	none	F	7	102	3810000
20201218_JM	20201218	20201218_JM_02	2	G	7	CT26	G07	103	mWRN_pooled	none	mIFNb	1000U/mL	none	G	7	103	5440000
20201218_JM	20201218	20201218_JM_02	2	H	7	CT26	H07	104	mDHX9_pooled	none	mIFNb	1000U/mL	none	H	7	104	2480000
20201218_JM	20201218	20201218_JM_02	2	I	7	CT26	I07	105	mDDX5_pooled	none	mIFNb	1000U/mL	none	I	7	105	5060000
20201218_JM	20201218	20201218_JM_02	2	J	7	CT26	J07	106	mRNASEH2A_pooled	none	mIFNb	1000U/mL	none	J	7	106	4720000
20201218_JM	20201218	20201218_JM_02	2	K	7	CT26	K07	107	mDDX3X_pooled	none	mIFNb	1000U/mL	none	K	7	107	2300000
20201218_JM	20201218	20201218_JM_02	2	L	7	CT26	L07	108	mPARP14_pooled	none	mIFNb	1000U/mL	none	L	7	108	3670000
20201218_JM	20201218	20201218_JM_02	2	M	7	CT26	M07	109	mDDX6_pooled	none	mIFNb	1000U/mL	none	M	7	109	3800000
20201218_JM	20201218	20201218_JM_02	2	N	7	CT26	N07	110	Lethal	pos	mIFNb	1000U/mL	none	N	7	110	127680
20201218_JM	20201218	20201218_JM_02	2	O	7	CT26	O07	111	NULL	NULL	mIFNb	1000U/mL	none	O	7	111	5880000
20201218_JM	20201218	20201218_JM_02	2	P	7	CT26	P07	112	NULL	NULL	mIFNb	1000U/mL	none	P	7	112	7210000
20201218_JM	20201218	20201218_JM_02	2	A	8	CT26	A08	113	NULL	NULL	mIFNb	1000U/mL	none	A	8	113	7050000
20201218_JM	20201218	20201218_JM_02	2	B	8	CT26	B08	114	NULL	NULL	mIFNb	1000U/mL	none	B	8	114	5220000
20201218_JM	20201218	20201218_JM_02	2	C	8	CT26	C08	115	NC_pooled	neg	mIFNb	1000U/mL	none	C	8	115	4820000
20201218_JM	20201218	20201218_JM_02	2	D	8	CT26	D08	116	mPARP7_pooled	none	mIFNb	1000U/mL	none	D	8	116	3480000
20201218_JM	20201218	20201218_JM_02	2	E	8	CT26	E08	117	mADAR_pooled	none	mIFNb	1000U/mL	none	E	8	117	2490000
20201218_JM	20201218	20201218_JM_02	2	F	8	CT26	F08	118	mTREX1_pooled	none	mIFNb	1000U/mL	none	F	8	118	3570000
20201218_JM	20201218	20201218_JM_02	2	G	8	CT26	G08	119	mWRN_pooled	none	mIFNb	1000U/mL	none	G	8	119	5880000
20201218_JM	20201218	20201218_JM_02	2	H	8	CT26	H08	120	mDHX9_pooled	none	mIFNb	1000U/mL	none	H	8	120	2810000
20201218_JM	20201218	20201218_JM_02	2	I	8	CT26	I08	121	mDDX5_pooled	none	mIFNb	1000U/mL	none	I	8	121	6120000
20201218_JM	20201218	20201218_JM_02	2	J	8	CT26	J08	122	mRNASEH2A_pooled	none	mIFNb	1000U/mL	none	J	8	122	4550000
20201218_JM	20201218	20201218_JM_02	2	K	8	CT26	K08	123	mDDX3X_pooled	none	mIFNb	1000U/mL	none	K	8	123	2310000
20201218_JM	20201218	20201218_JM_02	2	L	8	CT26	L08	124	mPARP14_pooled	none	mIFNb	1000U/mL	none	L	8	124	4850000
20201218_JM	20201218	20201218_JM_02	2	M	8	CT26	M08	125	mDDX6_pooled	none	mIFNb	1000U/mL	none	M	8	125	5820000
20201218_JM	20201218	20201218_JM_02	2	N	8	CT26	N08	126	Lethal	pos	mIFNb	1000U/mL	none	N	8	126	190040
20201218_JM	20201218	20201218_JM_02	2	O	8	CT26	O08	127	NULL	NULL	mIFNb	1000U/mL	none	O	8	127	6710000
20201218_JM	20201218	20201218_JM_02	2	P	8	CT26	P08	128	NULL	NULL	mIFNb	1000U/mL	none	P	8	128	6980000
20201218_JM	20201218	20201218_JM_02	2	A	9	CT26	A09	129	NULL	NULL	mIFNb	1000U/mL	none	A	9	129	7310000
20201218_JM	20201218	20201218_JM_02	2	B	9	CT26	B09	130	NULL	NULL	mIFNb	1000U/mL	none	B	9	130	5840000
20201218_JM	20201218	20201218_JM_02	2	C	9	CT26	C09	131	NC_pooled	neg	mIFNb	1000U/mL	none	C	9	131	4960000
20201218_JM	20201218	20201218_JM_02	2	D	9	CT26	D09	132	mPARP7_pooled	none	mIFNb	1000U/mL	none	D	9	132	4110000
20201218_JM	20201218	20201218_JM_02	2	E	9	CT26	E09	133	mADAR_pooled	none	mIFNb	1000U/mL	none	E	9	133	3100000
20201218_JM	20201218	20201218_JM_02	2	F	9	CT26	F09	134	mTREX1_pooled	none	mIFNb	1000U/mL	none	F	9	134	3430000
20201218_JM	20201218	20201218_JM_02	2	G	9	CT26	G09	135	mWRN_pooled	none	mIFNb	1000U/mL	none	G	9	135	5570000
20201218_JM	20201218	20201218_JM_02	2	H	9	CT26	H09	136	mDHX9_pooled	none	mIFNb	1000U/mL	none	H	9	136	3030000
20201218_JM	20201218	20201218_JM_02	2	I	9	CT26	I09	137	mDDX5_pooled	none	mIFNb	1000U/mL	none	I	9	137	5590000
20201218_JM	20201218	20201218_JM_02	2	J	9	CT26	J09	138	mRNASEH2A_pooled	none	mIFNb	1000U/mL	none	J	9	138	5360000
20201218_JM	20201218	20201218_JM_02	2	K	9	CT26	K09	139	mDDX3X_pooled	none	mIFNb	1000U/mL	none	K	9	139	1920000
20201218_JM	20201218	20201218_JM_02	2	L	9	CT26	L09	140	mPARP14_pooled	none	mIFNb	1000U/mL	none	L	9	140	4190000
20201218_JM	20201218	20201218_JM_02	2	M	9	CT26	M09	141	mDDX6_pooled	none	mIFNb	1000U/mL	none	M	9	141	5610000
20201218_JM	20201218	20201218_JM_02	2	N	9	CT26	N09	142	Lethal	pos	mIFNb	1000U/mL	none	N	9	142	171520
20201218_JM	20201218	20201218_JM_02	2	O	9	CT26	O09	143	NULL	NULL	mIFNb	1000U/mL	none	O	9	143	7400000
20201218_JM	20201218	20201218_JM_02	2	P	9	CT26	P09	144	NULL	NULL	mIFNb	1000U/mL	none	P	9	144	7730000
20201218_JM	20201218	20201218_JM_02	2	A	10	CT26	A10	145	NULL	NULL	mIFNb	1000U/mL	none	A	10	145	7190000
20201218_JM	20201218	20201218_JM_02	2	B	10	CT26	B10	146	NULL	NULL	mIFNb	1000U/mL	none	B	10	146	5940000
20201218_JM	20201218	20201218_JM_02	2	C	10	CT26	C10	147	NC_pooled	neg	mIFNb	1000U/mL	none	C	10	147	5920000
20201218_JM	20201218	20201218_JM_02	2	D	10	CT26	D10	148	mPARP7_pooled	none	mIFNb	1000U/mL	none	D	10	148	4190000
20201218_JM	20201218	20201218_JM_02	2	E	10	CT26	E10	149	mADAR_pooled	none	mIFNb	1000U/mL	none	E	10	149	3330000
20201218_JM	20201218	20201218_JM_02	2	F	10	CT26	F10	150	mTREX1_pooled	none	mIFNb	1000U/mL	none	F	10	150	4630000
20201218_JM	20201218	20201218_JM_02	2	G	10	CT26	G10	151	mWRN_pooled	none	mIFNb	1000U/mL	none	G	10	151	5340000
20201218_JM	20201218	20201218_JM_02	2	H	10	CT26	H10	152	mDHX9_pooled	none	mIFNb	1000U/mL	none	H	10	152	2880000
20201218_JM	20201218	20201218_JM_02	2	I	10	CT26	I10	153	mDDX5_pooled	none	mIFNb	1000U/mL	none	I	10	153	6010000
20201218_JM	20201218	20201218_JM_02	2	J	10	CT26	J10	154	mRNASEH2A_pooled	none	mIFNb	1000U/mL	none	J	10	154	4740000
20201218_JM	20201218	20201218_JM_02	2	K	10	CT26	K10	155	mDDX3X_pooled	none	mIFNb	1000U/mL	none	K	10	155	2460000
20201218_JM	20201218	20201218_JM_02	2	L	10	CT26	L10	156	mPARP14_pooled	none	mIFNb	1000U/mL	none	L	10	156	4360000
20201218_JM	20201218	20201218_JM_02	2	M	10	CT26	M10	157	mDDX6_pooled	none	mIFNb	1000U/mL	none	M	10	157	4380000
20201218_JM	20201218	20201218_JM_02	2	N	10	CT26	N10	158	Lethal	pos	mIFNb	1000U/mL	none	N	10	158	155720
20201218_JM	20201218	20201218_JM_02	2	O	10	CT26	O10	159	NULL	NULL	mIFNb	1000U/mL	none	O	10	159	7060000
20201218_JM	20201218	20201218_JM_02	2	P	10	CT26	P10	160	NULL	NULL	mIFNb	1000U/mL	none	P	10	160	7520000
20201218_JM	20201218	20201218_JM_02	2	A	11	CT26	A11	161	NULL	NULL	mIFNg	100ng/mL	none	A	11	161	9190000
20201218_JM	20201218	20201218_JM_02	2	B	11	CT26	B11	162	NULL	NULL	mIFNg	100ng/mL	none	B	11	162	7980000
20201218_JM	20201218	20201218_JM_02	2	C	11	CT26	C11	163	NC_pooled	neg	mIFNg	100ng/mL	none	C	11	163	7270000
20201218_JM	20201218	20201218_JM_02	2	D	11	CT26	D11	164	mPARP7_pooled	none	mIFNg	100ng/mL	none	D	11	164	5340000
20201218_JM	20201218	20201218_JM_02	2	E	11	CT26	E11	165	mADAR_pooled	none	mIFNg	100ng/mL	none	E	11	165	3020000
20201218_JM	20201218	20201218_JM_02	2	F	11	CT26	F11	166	mTREX1_pooled	none	mIFNg	100ng/mL	none	F	11	166	7310000
20201218_JM	20201218	20201218_JM_02	2	G	11	CT26	G11	167	mWRN_pooled	none	mIFNg	100ng/mL	none	G	11	167	7490000
20201218_JM	20201218	20201218_JM_02	2	H	11	CT26	H11	168	mDHX9_pooled	none	mIFNg	100ng/mL	none	H	11	168	5020000
20201218_JM	20201218	20201218_JM_02	2	I	11	CT26	I11	169	mDDX5_pooled	none	mIFNg	100ng/mL	none	I	11	169	6080000
20201218_JM	20201218	20201218_JM_02	2	J	11	CT26	J11	170	mRNASEH2A_pooled	none	mIFNg	100ng/mL	none	J	11	170	6110000
20201218_JM	20201218	20201218_JM_02	2	K	11	CT26	K11	171	mDDX3X_pooled	none	mIFNg	100ng/mL	none	K	11	171	4680000
20201218_JM	20201218	20201218_JM_02	2	L	11	CT26	L11	172	mPARP14_pooled	none	mIFNg	100ng/mL	none	L	11	172	7170000
20201218_JM	20201218	20201218_JM_02	2	M	11	CT26	M11	173	mDDX6_pooled	none	mIFNg	100ng/mL	none	M	11	173	7120000
20201218_JM	20201218	20201218_JM_02	2	N	11	CT26	N11	174	Lethal	pos	mIFNg	100ng/mL	none	N	11	174	210000
20201218_JM	20201218	20201218_JM_02	2	O	11	CT26	O11	175	NULL	NULL	mIFNg	100ng/mL	none	O	11	175	9220000
20201218_JM	20201218	20201218_JM_02	2	P	11	CT26	P11	176	NULL	NULL	mIFNg	100ng/mL	none	P	11	176	9210000
20201218_JM	20201218	20201218_JM_02	2	A	12	CT26	A12	177	NULL	NULL	mIFNg	100ng/mL	none	A	12	177	8980000
20201218_JM	20201218	20201218_JM_02	2	B	12	CT26	B12	178	NULL	NULL	mIFNg	100ng/mL	none	B	12	178	7740000
20201218_JM	20201218	20201218_JM_02	2	C	12	CT26	C12	179	NC_pooled	neg	mIFNg	100ng/mL	none	C	12	179	4970000
20201218_JM	20201218	20201218_JM_02	2	D	12	CT26	D12	180	mPARP7_pooled	none	mIFNg	100ng/mL	none	D	12	180	4300000
20201218_JM	20201218	20201218_JM_02	2	E	12	CT26	E12	181	mADAR_pooled	none	mIFNg	100ng/mL	none	E	12	181	3410000
20201218_JM	20201218	20201218_JM_02	2	F	12	CT26	F12	182	mTREX1_pooled	none	mIFNg	100ng/mL	none	F	12	182	6200000
20201218_JM	20201218	20201218_JM_02	2	G	12	CT26	G12	183	mWRN_pooled	none	mIFNg	100ng/mL	none	G	12	183	7400000
20201218_JM	20201218	20201218_JM_02	2	H	12	CT26	H12	184	mDHX9_pooled	none	mIFNg	100ng/mL	none	H	12	184	3500000
20201218_JM	20201218	20201218_JM_02	2	I	12	CT26	I12	185	mDDX5_pooled	none	mIFNg	100ng/mL	none	I	12	185	6760000
20201218_JM	20201218	20201218_JM_02	2	J	12	CT26	J12	186	mRNASEH2A_pooled	none	mIFNg	100ng/mL	none	J	12	186	6460000
20201218_JM	20201218	20201218_JM_02	2	K	12	CT26	K12	187	mDDX3X_pooled	none	mIFNg	100ng/mL	none	K	12	187	4630000
20201218_JM	20201218	20201218_JM_02	2	L	12	CT26	L12	188	mPARP14_pooled	none	mIFNg	100ng/mL	none	L	12	188	5620000
20201218_JM	20201218	20201218_JM_02	2	M	12	CT26	M12	189	mDDX6_pooled	none	mIFNg	100ng/mL	none	M	12	189	7080000
20201218_JM	20201218	20201218_JM_02	2	N	12	CT26	N12	190	Lethal	pos	mIFNg	100ng/mL	none	N	12	190	208880
20201218_JM	20201218	20201218_JM_02	2	O	12	CT26	O12	191	NULL	NULL	mIFNg	100ng/mL	none	O	12	191	8940000
20201218_JM	20201218	20201218_JM_02	2	P	12	CT26	P12	192	NULL	NULL	mIFNg	100ng/mL	none	P	12	192	9180000
20201218_JM	20201218	20201218_JM_02	2	A	13	CT26	A13	193	NULL	NULL	mIFNg	100ng/mL	none	A	13	193	9290000
20201218_JM	20201218	20201218_JM_02	2	B	13	CT26	B13	194	NULL	NULL	mIFNg	100ng/mL	none	B	13	194	8380000
20201218_JM	20201218	20201218_JM_02	2	C	13	CT26	C13	195	NC_pooled	neg	mIFNg	100ng/mL	none	C	13	195	6330000
20201218_JM	20201218	20201218_JM_02	2	D	13	CT26	D13	196	mPARP7_pooled	none	mIFNg	100ng/mL	none	D	13	196	6300000
20201218_JM	20201218	20201218_JM_02	2	E	13	CT26	E13	197	mADAR_pooled	none	mIFNg	100ng/mL	none	E	13	197	3640000
20201218_JM	20201218	20201218_JM_02	2	F	13	CT26	F13	198	mTREX1_pooled	none	mIFNg	100ng/mL	none	F	13	198	7670000
20201218_JM	20201218	20201218_JM_02	2	G	13	CT26	G13	199	mWRN_pooled	none	mIFNg	100ng/mL	none	G	13	199	7990000
20201218_JM	20201218	20201218_JM_02	2	H	13	CT26	H13	200	mDHX9_pooled	none	mIFNg	100ng/mL	none	H	13	200	5220000
20201218_JM	20201218	20201218_JM_02	2	I	13	CT26	I13	201	mDDX5_pooled	none	mIFNg	100ng/mL	none	I	13	201	6680000
20201218_JM	20201218	20201218_JM_02	2	J	13	CT26	J13	202	mRNASEH2A_pooled	none	mIFNg	100ng/mL	none	J	13	202	6780000
20201218_JM	20201218	20201218_JM_02	2	K	13	CT26	K13	203	mDDX3X_pooled	none	mIFNg	100ng/mL	none	K	13	203	3040000
20201218_JM	20201218	20201218_JM_02	2	L	13	CT26	L13	204	mPARP14_pooled	none	mIFNg	100ng/mL	none	L	13	204	6680000
20201218_JM	20201218	20201218_JM_02	2	M	13	CT26	M13	205	mDDX6_pooled	none	mIFNg	100ng/mL	none	M	13	205	7300000
20201218_JM	20201218	20201218_JM_02	2	N	13	CT26	N13	206	Lethal	pos	mIFNg	100ng/mL	none	N	13	206	227760
20201218_JM	20201218	20201218_JM_02	2	O	13	CT26	O13	207	NULL	NULL	mIFNg	100ng/mL	none	O	13	207	9250000
20201218_JM	20201218	20201218_JM_02	2	P	13	CT26	P13	208	NULL	NULL	mIFNg	100ng/mL	none	P	13	208	9610000
20201218_JM	20201218	20201218_JM_02	2	A	14	CT26	A14	209	NULL	NULL	mIFNg	100ng/mL	none	A	14	209	9450000
20201218_JM	20201218	20201218_JM_02	2	B	14	CT26	B14	210	NULL	NULL	mIFNg	100ng/mL	none	B	14	210	7900000
20201218_JM	20201218	20201218_JM_02	2	C	14	CT26	C14	211	NC_pooled	neg	mIFNg	100ng/mL	none	C	14	211	5930000
20201218_JM	20201218	20201218_JM_02	2	D	14	CT26	D14	212	mPARP7_pooled	none	mIFNg	100ng/mL	none	D	14	212	5770000
20201218_JM	20201218	20201218_JM_02	2	E	14	CT26	E14	213	mADAR_pooled	none	mIFNg	100ng/mL	none	E	14	213	2920000
20201218_JM	20201218	20201218_JM_02	2	F	14	CT26	F14	214	mTREX1_pooled	none	mIFNg	100ng/mL	none	F	14	214	6540000
20201218_JM	20201218	20201218_JM_02	2	G	14	CT26	G14	215	mWRN_pooled	none	mIFNg	100ng/mL	none	G	14	215	7950000
20201218_JM	20201218	20201218_JM_02	2	H	14	CT26	H14	216	mDHX9_pooled	none	mIFNg	100ng/mL	none	H	14	216	3700000
20201218_JM	20201218	20201218_JM_02	2	I	14	CT26	I14	217	mDDX5_pooled	none	mIFNg	100ng/mL	none	I	14	217	6670000
20201218_JM	20201218	20201218_JM_02	2	J	14	CT26	J14	218	mRNASEH2A_pooled	none	mIFNg	100ng/mL	none	J	14	218	6410000
20201218_JM	20201218	20201218_JM_02	2	K	14	CT26	K14	219	mDDX3X_pooled	none	mIFNg	100ng/mL	none	K	14	219	5100000
20201218_JM	20201218	20201218_JM_02	2	L	14	CT26	L14	220	mPARP14_pooled	none	mIFNg	100ng/mL	none	L	14	220	6520000
20201218_JM	20201218	20201218_JM_02	2	M	14	CT26	M14	221	mDDX6_pooled	none	mIFNg	100ng/mL	none	M	14	221	7410000
20201218_JM	20201218	20201218_JM_02	2	N	14	CT26	N14	222	Lethal	pos	mIFNg	100ng/mL	none	N	14	222	209520
20201218_JM	20201218	20201218_JM_02	2	O	14	CT26	O14	223	NULL	NULL	mIFNg	100ng/mL	none	O	14	223	9040000
20201218_JM	20201218	20201218_JM_02	2	P	14	CT26	P14	224	NULL	NULL	mIFNg	100ng/mL	none	P	14	224	8910000
20201218_JM	20201218	20201218_JM_02	2	A	15	CT26	A15	225	NULL	NULL	poly(dA:dT)	0.25ug/mL	none	A	15	225	8610000
20201218_JM	20201218	20201218_JM_02	2	B	15	CT26	B15	226	NULL	NULL	poly(dA:dT)	0.25ug/mL	none	B	15	226	7250000
20201218_JM	20201218	20201218_JM_02	2	C	15	CT26	C15	227	NC_pooled	neg	poly(dA:dT)	0.25ug/mL	none	C	15	227	4820000
20201218_JM	20201218	20201218_JM_02	2	D	15	CT26	D15	228	mPARP7_pooled	none	poly(dA:dT)	0.25ug/mL	none	D	15	228	9730000
20201218_JM	20201218	20201218_JM_02	2	E	15	CT26	E15	229	mADAR_pooled	none	poly(dA:dT)	0.25ug/mL	none	E	15	229	2470000
20201218_JM	20201218	20201218_JM_02	2	F	15	CT26	F15	230	mTREX1_pooled	none	poly(dA:dT)	0.25ug/mL	none	F	15	230	2820000
20201218_JM	20201218	20201218_JM_02	2	G	15	CT26	G15	231	mWRN_pooled	none	poly(dA:dT)	0.25ug/mL	none	G	15	231	3460000
20201218_JM	20201218	20201218_JM_02	2	H	15	CT26	H15	232	mDHX9_pooled	none	poly(dA:dT)	0.25ug/mL	none	H	15	232	1500000
20201218_JM	20201218	20201218_JM_02	2	I	15	CT26	I15	233	mDDX5_pooled	none	poly(dA:dT)	0.25ug/mL	none	I	15	233	3890000
20201218_JM	20201218	20201218_JM_02	2	J	15	CT26	J15	234	mRNASEH2A_pooled	none	poly(dA:dT)	0.25ug/mL	none	J	15	234	2660000
20201218_JM	20201218	20201218_JM_02	2	K	15	CT26	K15	235	mDDX3X_pooled	none	poly(dA:dT)	0.25ug/mL	none	K	15	235	2900000
20201218_JM	20201218	20201218_JM_02	2	L	15	CT26	L15	236	mPARP14_pooled	none	poly(dA:dT)	0.25ug/mL	none	L	15	236	1610000
20201218_JM	20201218	20201218_JM_02	2	M	15	CT26	M15	237	mDDX6_pooled	none	poly(dA:dT)	0.25ug/mL	none	M	15	237	2880000
20201218_JM	20201218	20201218_JM_02	2	N	15	CT26	N15	238	Lethal	pos	poly(dA:dT)	0.25ug/mL	none	N	15	238	191960
20201218_JM	20201218	20201218_JM_02	2	O	15	CT26	O15	239	NULL	NULL	poly(dA:dT)	0.25ug/mL	none	O	15	239	8180000
20201218_JM	20201218	20201218_JM_02	2	P	15	CT26	P15	240	NULL	NULL	poly(dA:dT)	0.25ug/mL	none	P	15	240	9440000
20201218_JM	20201218	20201218_JM_02	2	A	16	CT26	A16	241	NULL	NULL	poly(dA:dT)	0.25ug/mL	none	A	16	241	9260000
20201218_JM	20201218	20201218_JM_02	2	B	16	CT26	B16	242	NULL	NULL	poly(dA:dT)	0.25ug/mL	none	B	16	242	7220000
20201218_JM	20201218	20201218_JM_02	2	C	16	CT26	C16	243	NC_pooled	neg	poly(dA:dT)	0.25ug/mL	none	C	16	243	3830000
20201218_JM	20201218	20201218_JM_02	2	D	16	CT26	D16	244	mPARP7_pooled	none	poly(dA:dT)	0.25ug/mL	none	D	16	244	773520
20201218_JM	20201218	20201218_JM_02	2	E	16	CT26	E16	245	mADAR_pooled	none	poly(dA:dT)	0.25ug/mL	none	E	16	245	1040000
20201218_JM	20201218	20201218_JM_02	2	F	16	CT26	F16	246	mTREX1_pooled	none	poly(dA:dT)	0.25ug/mL	none	F	16	246	1900000
20201218_JM	20201218	20201218_JM_02	2	G	16	CT26	G16	247	mWRN_pooled	none	poly(dA:dT)	0.25ug/mL	none	G	16	247	4420000
20201218_JM	20201218	20201218_JM_02	2	H	16	CT26	H16	248	mDHX9_pooled	none	poly(dA:dT)	0.25ug/mL	none	H	16	248	620480
20201218_JM	20201218	20201218_JM_02	2	I	16	CT26	I16	249	mDDX5_pooled	none	poly(dA:dT)	0.25ug/mL	none	I	16	249	4020000
20201218_JM	20201218	20201218_JM_02	2	J	16	CT26	J16	250	mRNASEH2A_pooled	none	poly(dA:dT)	0.25ug/mL	none	J	16	250	2170000
20201218_JM	20201218	20201218_JM_02	2	K	16	CT26	K16	251	mDDX3X_pooled	none	poly(dA:dT)	0.25ug/mL	none	K	16	251	3300000
20201218_JM	20201218	20201218_JM_02	2	L	16	CT26	L16	252	mPARP14_pooled	none	poly(dA:dT)	0.25ug/mL	none	L	16	252	435120
20201218_JM	20201218	20201218_JM_02	2	M	16	CT26	M16	253	mDDX6_pooled	none	poly(dA:dT)	0.25ug/mL	none	M	16	253	4680000
20201218_JM	20201218	20201218_JM_02	2	N	16	CT26	N16	254	Lethal	pos	poly(dA:dT)	0.25ug/mL	none	N	16	254	173680
20201218_JM	20201218	20201218_JM_02	2	O	16	CT26	O16	255	NULL	NULL	poly(dA:dT)	0.25ug/mL	none	O	16	255	8060000
20201218_JM	20201218	20201218_JM_02	2	P	16	CT26	P16	256	NULL	NULL	poly(dA:dT)	0.25ug/mL	none	P	16	256	8780000
20201218_JM	20201218	20201218_JM_02	2	A	17	CT26	A17	257	NULL	NULL	poly(dA:dT)	0.25ug/mL	none	A	17	257	8810000
20201218_JM	20201218	20201218_JM_02	2	B	17	CT26	B17	258	NULL	NULL	poly(dA:dT)	0.25ug/mL	none	B	17	258	7510000
20201218_JM	20201218	20201218_JM_02	2	C	17	CT26	C17	259	NC_pooled	neg	poly(dA:dT)	0.25ug/mL	none	C	17	259	3550000
20201218_JM	20201218	20201218_JM_02	2	D	17	CT26	D17	260	mPARP7_pooled	none	poly(dA:dT)	0.25ug/mL	none	D	17	260	528360
20201218_JM	20201218	20201218_JM_02	2	E	17	CT26	E17	261	mADAR_pooled	none	poly(dA:dT)	0.25ug/mL	none	E	17	261	3390000
20201218_JM	20201218	20201218_JM_02	2	F	17	CT26	F17	262	mTREX1_pooled	none	poly(dA:dT)	0.25ug/mL	none	F	17	262	1790000
20201218_JM	20201218	20201218_JM_02	2	G	17	CT26	G17	263	mWRN_pooled	none	poly(dA:dT)	0.25ug/mL	none	G	17	263	4490000
20201218_JM	20201218	20201218_JM_02	2	H	17	CT26	H17	264	mDHX9_pooled	none	poly(dA:dT)	0.25ug/mL	none	H	17	264	1320000
20201218_JM	20201218	20201218_JM_02	2	I	17	CT26	I17	265	mDDX5_pooled	none	poly(dA:dT)	0.25ug/mL	none	I	17	265	4300000
20201218_JM	20201218	20201218_JM_02	2	J	17	CT26	J17	266	mRNASEH2A_pooled	none	poly(dA:dT)	0.25ug/mL	none	J	17	266	2810000
20201218_JM	20201218	20201218_JM_02	2	K	17	CT26	K17	267	mDDX3X_pooled	none	poly(dA:dT)	0.25ug/mL	none	K	17	267	2560000
20201218_JM	20201218	20201218_JM_02	2	L	17	CT26	L17	268	mPARP14_pooled	none	poly(dA:dT)	0.25ug/mL	none	L	17	268	1550000
20201218_JM	20201218	20201218_JM_02	2	M	17	CT26	M17	269	mDDX6_pooled	none	poly(dA:dT)	0.25ug/mL	none	M	17	269	2180000
20201218_JM	20201218	20201218_JM_02	2	N	17	CT26	N17	270	Lethal	pos	poly(dA:dT)	0.25ug/mL	none	N	17	270	175520
20201218_JM	20201218	20201218_JM_02	2	O	17	CT26	O17	271	NULL	NULL	poly(dA:dT)	0.25ug/mL	none	O	17	271	8160000
20201218_JM	20201218	20201218_JM_02	2	P	17	CT26	P17	272	NULL	NULL	poly(dA:dT)	0.25ug/mL	none	P	17	272	9280000
20201218_JM	20201218	20201218_JM_02	2	A	18	CT26	A18	273	NULL	NULL	poly(dA:dT)	0.25ug/mL	none	A	18	273	8640000
20201218_JM	20201218	20201218_JM_02	2	B	18	CT26	B18	274	NULL	NULL	poly(dA:dT)	0.25ug/mL	none	B	18	274	6920000
20201218_JM	20201218	20201218_JM_02	2	C	18	CT26	C18	275	NC_pooled	neg	poly(dA:dT)	0.25ug/mL	none	C	18	275	5030000
20201218_JM	20201218	20201218_JM_02	2	D	18	CT26	D18	276	mPARP7_pooled	none	poly(dA:dT)	0.25ug/mL	none	D	18	276	1530000
20201218_JM	20201218	20201218_JM_02	2	E	18	CT26	E18	277	mADAR_pooled	none	poly(dA:dT)	0.25ug/mL	none	E	18	277	2620000
20201218_JM	20201218	20201218_JM_02	2	F	18	CT26	F18	278	mTREX1_pooled	none	poly(dA:dT)	0.25ug/mL	none	F	18	278	2390000
20201218_JM	20201218	20201218_JM_02	2	G	18	CT26	G18	279	mWRN_pooled	none	poly(dA:dT)	0.25ug/mL	none	G	18	279	4720000
20201218_JM	20201218	20201218_JM_02	2	H	18	CT26	H18	280	mDHX9_pooled	none	poly(dA:dT)	0.25ug/mL	none	H	18	280	1450000
20201218_JM	20201218	20201218_JM_02	2	I	18	CT26	I18	281	mDDX5_pooled	none	poly(dA:dT)	0.25ug/mL	none	I	18	281	3840000
20201218_JM	20201218	20201218_JM_02	2	J	18	CT26	J18	282	mRNASEH2A_pooled	none	poly(dA:dT)	0.25ug/mL	none	J	18	282	2430000
20201218_JM	20201218	20201218_JM_02	2	K	18	CT26	K18	283	mDDX3X_pooled	none	poly(dA:dT)	0.25ug/mL	none	K	18	283	1970000
20201218_JM	20201218	20201218_JM_02	2	L	18	CT26	L18	284	mPARP14_pooled	none	poly(dA:dT)	0.25ug/mL	none	L	18	284	1340000
20201218_JM	20201218	20201218_JM_02	2	M	18	CT26	M18	285	mDDX6_pooled	none	poly(dA:dT)	0.25ug/mL	none	M	18	285	1640000
20201218_JM	20201218	20201218_JM_02	2	N	18	CT26	N18	286	Lethal	pos	poly(dA:dT)	0.25ug/mL	none	N	18	286	174280
20201218_JM	20201218	20201218_JM_02	2	O	18	CT26	O18	287	NULL	NULL	poly(dA:dT)	0.25ug/mL	none	O	18	287	8240000
20201218_JM	20201218	20201218_JM_02	2	P	18	CT26	P18	288	NULL	NULL	poly(dA:dT)	0.25ug/mL	none	P	18	288	8630000
20201218_JM	20201218	20201218_JM_02	2	A	19	CT26	A19	289	NULL	NULL	hpRNA	0.25ug/mL	none	A	19	289	5200000
20201218_JM	20201218	20201218_JM_02	2	B	19	CT26	B19	290	NULL	NULL	hpRNA	0.25ug/mL	none	B	19	290	3000000
20201218_JM	20201218	20201218_JM_02	2	C	19	CT26	C19	291	NC_pooled	neg	hpRNA	0.25ug/mL	none	C	19	291	2250000
20201218_JM	20201218	20201218_JM_02	2	D	19	CT26	D19	292	mPARP7_pooled	none	hpRNA	0.25ug/mL	none	D	19	292	359480
20201218_JM	20201218	20201218_JM_02	2	E	19	CT26	E19	293	mADAR_pooled	none	hpRNA	0.25ug/mL	none	E	19	293	724160
20201218_JM	20201218	20201218_JM_02	2	F	19	CT26	F19	294	mTREX1_pooled	none	hpRNA	0.25ug/mL	none	F	19	294	702840
20201218_JM	20201218	20201218_JM_02	2	G	19	CT26	G19	295	mWRN_pooled	none	hpRNA	0.25ug/mL	none	G	19	295	1380000
20201218_JM	20201218	20201218_JM_02	2	H	19	CT26	H19	296	mDHX9_pooled	none	hpRNA	0.25ug/mL	none	H	19	296	691080
20201218_JM	20201218	20201218_JM_02	2	I	19	CT26	I19	297	mDDX5_pooled	none	hpRNA	0.25ug/mL	none	I	19	297	1430000
20201218_JM	20201218	20201218_JM_02	2	J	19	CT26	J19	298	mRNASEH2A_pooled	none	hpRNA	0.25ug/mL	none	J	19	298	633800
20201218_JM	20201218	20201218_JM_02	2	K	19	CT26	K19	299	mDDX3X_pooled	none	hpRNA	0.25ug/mL	none	K	19	299	938360
20201218_JM	20201218	20201218_JM_02	2	L	19	CT26	L19	300	mPARP14_pooled	none	hpRNA	0.25ug/mL	none	L	19	300	576600
20201218_JM	20201218	20201218_JM_02	2	M	19	CT26	M19	301	mDDX6_pooled	none	hpRNA	0.25ug/mL	none	M	19	301	2320000
20201218_JM	20201218	20201218_JM_02	2	N	19	CT26	N19	302	Lethal	pos	hpRNA	0.25ug/mL	none	N	19	302	98440
20201218_JM	20201218	20201218_JM_02	2	O	19	CT26	O19	303	NULL	NULL	hpRNA	0.25ug/mL	none	O	19	303	4590000
20201218_JM	20201218	20201218_JM_02	2	P	19	CT26	P19	304	NULL	NULL	hpRNA	0.25ug/mL	none	P	19	304	6590000
20201218_JM	20201218	20201218_JM_02	2	A	20	CT26	A20	305	NULL	NULL	hpRNA	0.25ug/mL	none	A	20	305	5860000
20201218_JM	20201218	20201218_JM_02	2	B	20	CT26	B20	306	NULL	NULL	hpRNA	0.25ug/mL	none	B	20	306	3740000
20201218_JM	20201218	20201218_JM_02	2	C	20	CT26	C20	307	NC_pooled	neg	hpRNA	0.25ug/mL	none	C	20	307	2920000
20201218_JM	20201218	20201218_JM_02	2	D	20	CT26	D20	308	mPARP7_pooled	none	hpRNA	0.25ug/mL	none	D	20	308	927120
20201218_JM	20201218	20201218_JM_02	2	E	20	CT26	E20	309	mADAR_pooled	none	hpRNA	0.25ug/mL	none	E	20	309	940640
20201218_JM	20201218	20201218_JM_02	2	F	20	CT26	F20	310	mTREX1_pooled	none	hpRNA	0.25ug/mL	none	F	20	310	1460000
20201218_JM	20201218	20201218_JM_02	2	G	20	CT26	G20	311	mWRN_pooled	none	hpRNA	0.25ug/mL	none	G	20	311	2510000
20201218_JM	20201218	20201218_JM_02	2	H	20	CT26	H20	312	mDHX9_pooled	none	hpRNA	0.25ug/mL	none	H	20	312	317400
20201218_JM	20201218	20201218_JM_02	2	I	20	CT26	I20	313	mDDX5_pooled	none	hpRNA	0.25ug/mL	none	I	20	313	2460000
20201218_JM	20201218	20201218_JM_02	2	J	20	CT26	J20	314	mRNASEH2A_pooled	none	hpRNA	0.25ug/mL	none	J	20	314	1200000
20201218_JM	20201218	20201218_JM_02	2	K	20	CT26	K20	315	mDDX3X_pooled	none	hpRNA	0.25ug/mL	none	K	20	315	1160000
20201218_JM	20201218	20201218_JM_02	2	L	20	CT26	L20	316	mPARP14_pooled	none	hpRNA	0.25ug/mL	none	L	20	316	1900000
20201218_JM	20201218	20201218_JM_02	2	M	20	CT26	M20	317	mDDX6_pooled	none	hpRNA	0.25ug/mL	none	M	20	317	865880
20201218_JM	20201218	20201218_JM_02	2	N	20	CT26	N20	318	Lethal	pos	hpRNA	0.25ug/mL	none	N	20	318	76720
20201218_JM	20201218	20201218_JM_02	2	O	20	CT26	O20	319	NULL	NULL	hpRNA	0.25ug/mL	none	O	20	319	4020000
20201218_JM	20201218	20201218_JM_02	2	P	20	CT26	P20	320	NULL	NULL	hpRNA	0.25ug/mL	none	P	20	320	5260000
20201218_JM	20201218	20201218_JM_02	2	A	21	CT26	A21	321	NULL	NULL	hpRNA	0.25ug/mL	none	A	21	321	5500000
20201218_JM	20201218	20201218_JM_02	2	B	21	CT26	B21	322	NULL	NULL	hpRNA	0.25ug/mL	none	B	21	322	4360000
20201218_JM	20201218	20201218_JM_02	2	C	21	CT26	C21	323	NC_pooled	neg	hpRNA	0.25ug/mL	none	C	21	323	2790000
20201218_JM	20201218	20201218_JM_02	2	D	21	CT26	D21	324	mPARP7_pooled	none	hpRNA	0.25ug/mL	none	D	21	324	1270000
20201218_JM	20201218	20201218_JM_02	2	E	21	CT26	E21	325	mADAR_pooled	none	hpRNA	0.25ug/mL	none	E	21	325	1600000
20201218_JM	20201218	20201218_JM_02	2	F	21	CT26	F21	326	mTREX1_pooled	none	hpRNA	0.25ug/mL	none	F	21	326	1560000
20201218_JM	20201218	20201218_JM_02	2	G	21	CT26	G21	327	mWRN_pooled	none	hpRNA	0.25ug/mL	none	G	21	327	1890000
20201218_JM	20201218	20201218_JM_02	2	H	21	CT26	H21	328	mDHX9_pooled	none	hpRNA	0.25ug/mL	none	H	21	328	1010000
20201218_JM	20201218	20201218_JM_02	2	I	21	CT26	I21	329	mDDX5_pooled	none	hpRNA	0.25ug/mL	none	I	21	329	2770000
20201218_JM	20201218	20201218_JM_02	2	J	21	CT26	J21	330	mRNASEH2A_pooled	none	hpRNA	0.25ug/mL	none	J	21	330	905080
20201218_JM	20201218	20201218_JM_02	2	K	21	CT26	K21	331	mDDX3X_pooled	none	hpRNA	0.25ug/mL	none	K	21	331	1100000
20201218_JM	20201218	20201218_JM_02	2	L	21	CT26	L21	332	mPARP14_pooled	none	hpRNA	0.25ug/mL	none	L	21	332	1090000
20201218_JM	20201218	20201218_JM_02	2	M	21	CT26	M21	333	mDDX6_pooled	none	hpRNA	0.25ug/mL	none	M	21	333	1680000
20201218_JM	20201218	20201218_JM_02	2	N	21	CT26	N21	334	Lethal	pos	hpRNA	0.25ug/mL	none	N	21	334	104600
20201218_JM	20201218	20201218_JM_02	2	O	21	CT26	O21	335	NULL	NULL	hpRNA	0.25ug/mL	none	O	21	335	4950000
20201218_JM	20201218	20201218_JM_02	2	P	21	CT26	P21	336	NULL	NULL	hpRNA	0.25ug/mL	none	P	21	336	6630000
20201218_JM	20201218	20201218_JM_02	2	A	22	CT26	A22	337	NULL	NULL	hpRNA	0.25ug/mL	none	A	22	337	5650000
20201218_JM	20201218	20201218_JM_02	2	B	22	CT26	B22	338	NULL	NULL	hpRNA	0.25ug/mL	none	B	22	338	4640000
20201218_JM	20201218	20201218_JM_02	2	C	22	CT26	C22	339	NC_pooled	neg	hpRNA	0.25ug/mL	none	C	22	339	2650000
20201218_JM	20201218	20201218_JM_02	2	D	22	CT26	D22	340	mPARP7_pooled	none	hpRNA	0.25ug/mL	none	D	22	340	1620000
20201218_JM	20201218	20201218_JM_02	2	E	22	CT26	E22	341	mADAR_pooled	none	hpRNA	0.25ug/mL	none	E	22	341	1620000
20201218_JM	20201218	20201218_JM_02	2	F	22	CT26	F22	342	mTREX1_pooled	none	hpRNA	0.25ug/mL	none	F	22	342	1390000
20201218_JM	20201218	20201218_JM_02	2	G	22	CT26	G22	343	mWRN_pooled	none	hpRNA	0.25ug/mL	none	G	22	343	2030000
20201218_JM	20201218	20201218_JM_02	2	H	22	CT26	H22	344	mDHX9_pooled	none	hpRNA	0.25ug/mL	none	H	22	344	879000
20201218_JM	20201218	20201218_JM_02	2	I	22	CT26	I22	345	mDDX5_pooled	none	hpRNA	0.25ug/mL	none	I	22	345	2640000
20201218_JM	20201218	20201218_JM_02	2	J	22	CT26	J22	346	mRNASEH2A_pooled	none	hpRNA	0.25ug/mL	none	J	22	346	1340000
20201218_JM	20201218	20201218_JM_02	2	K	22	CT26	K22	347	mDDX3X_pooled	none	hpRNA	0.25ug/mL	none	K	22	347	2330000
20201218_JM	20201218	20201218_JM_02	2	L	22	CT26	L22	348	mPARP14_pooled	none	hpRNA	0.25ug/mL	none	L	22	348	1360000
20201218_JM	20201218	20201218_JM_02	2	M	22	CT26	M22	349	mDDX6_pooled	none	hpRNA	0.25ug/mL	none	M	22	349	897760
20201218_JM	20201218	20201218_JM_02	2	N	22	CT26	N22	350	Lethal	pos	hpRNA	0.25ug/mL	none	N	22	350	96160
20201218_JM	20201218	20201218_JM_02	2	O	22	CT26	O22	351	NULL	NULL	hpRNA	0.25ug/mL	none	O	22	351	4930000
20201218_JM	20201218	20201218_JM_02	2	P	22	CT26	P22	352	NULL	NULL	hpRNA	0.25ug/mL	none	P	22	352	6530000
20201218_JM	20201218	20201218_JM_02	2	A	23	CT26	A23	353	NULL	NULL	NULL	0	NULL	A	23	353	34680
20201218_JM	20201218	20201218_JM_02	2	B	23	CT26	B23	354	NULL	NULL	NULL	0	NULL	B	23	354	28760
20201218_JM	20201218	20201218_JM_02	2	C	23	CT26	C23	355	NC_pooled	neg	NULL	0	NULL	C	23	355	16960
20201218_JM	20201218	20201218_JM_02	2	D	23	CT26	D23	356	mPARP7_pooled	none	NULL	0	NULL	D	23	356	10120
20201218_JM	20201218	20201218_JM_02	2	E	23	CT26	E23	357	mADAR_pooled	none	NULL	0	NULL	E	23	357	10240
20201218_JM	20201218	20201218_JM_02	2	F	23	CT26	F23	358	mTREX1_pooled	none	NULL	0	NULL	F	23	358	8480
20201218_JM	20201218	20201218_JM_02	2	G	23	CT26	G23	359	mWRN_pooled	none	NULL	0	NULL	G	23	359	11800
20201218_JM	20201218	20201218_JM_02	2	H	23	CT26	H23	360	mDHX9_pooled	none	NULL	0	NULL	H	23	360	6080
20201218_JM	20201218	20201218_JM_02	2	I	23	CT26	I23	361	mDDX5_pooled	none	NULL	0	NULL	I	23	361	14320
20201218_JM	20201218	20201218_JM_02	2	J	23	CT26	J23	362	mRNASEH2A_pooled	none	NULL	0	NULL	J	23	362	7760
20201218_JM	20201218	20201218_JM_02	2	K	23	CT26	K23	363	mDDX3X_pooled	none	NULL	0	NULL	K	23	363	12080
20201218_JM	20201218	20201218_JM_02	2	L	23	CT26	L23	364	mPARP14_pooled	none	NULL	0	NULL	L	23	364	8200
20201218_JM	20201218	20201218_JM_02	2	M	23	CT26	M23	365	mDDX6_pooled	none	NULL	0	NULL	M	23	365	5120
20201218_JM	20201218	20201218_JM_02	2	N	23	CT26	N23	366	Lethal	pos	NULL	0	NULL	N	23	366	1920
20201218_JM	20201218	20201218_JM_02	2	O	23	CT26	O23	367	NULL	NULL	NULL	0	NULL	O	23	367	26720
20201218_JM	20201218	20201218_JM_02	2	P	23	CT26	P23	368	NULL	NULL	NULL	0	NULL	P	23	368	34240
20201218_JM	20201218	20201218_JM_02	2	A	24	CT26	A24	369	NULL	NULL	NULL	0	NULL	A	24	369	520
20201218_JM	20201218	20201218_JM_02	2	B	24	CT26	B24	370	NULL	NULL	NULL	0	NULL	B	24	370	480
20201218_JM	20201218	20201218_JM_02	2	C	24	CT26	C24	371	NC_pooled	neg	NULL	0	NULL	C	24	371	560
20201218_JM	20201218	20201218_JM_02	2	D	24	CT26	D24	372	mPARP7_pooled	none	NULL	0	NULL	D	24	372	400
20201218_JM	20201218	20201218_JM_02	2	E	24	CT26	E24	373	mADAR_pooled	none	NULL	0	NULL	E	24	373	360
20201218_JM	20201218	20201218_JM_02	2	F	24	CT26	F24	374	mTREX1_pooled	none	NULL	0	NULL	F	24	374	480
20201218_JM	20201218	20201218_JM_02	2	G	24	CT26	G24	375	mWRN_pooled	none	NULL	0	NULL	G	24	375	320
20201218_JM	20201218	20201218_JM_02	2	H	24	CT26	H24	376	mDHX9_pooled	none	NULL	0	NULL	H	24	376	400
20201218_JM	20201218	20201218_JM_02	2	I	24	CT26	I24	377	mDDX5_pooled	none	NULL	0	NULL	I	24	377	400
20201218_JM	20201218	20201218_JM_02	2	J	24	CT26	J24	378	mRNASEH2A_pooled	none	NULL	0	NULL	J	24	378	360
20201218_JM	20201218	20201218_JM_02	2	K	24	CT26	K24	379	mDDX3X_pooled	none	NULL	0	NULL	K	24	379	320
20201218_JM	20201218	20201218_JM_02	2	L	24	CT26	L24	380	mPARP14_pooled	none	NULL	0	NULL	L	24	380	360
20201218_JM	20201218	20201218_JM_02	2	M	24	CT26	M24	381	mDDX6_pooled	none	NULL	0	NULL	M	24	381	400
20201218_JM	20201218	20201218_JM_02	2	N	24	CT26	N24	382	Lethal	pos	NULL	0	NULL	N	24	382	400
20201218_JM	20201218	20201218_JM_02	2	O	24	CT26	O24	383	NULL	NULL	NULL	0	NULL	O	24	383	600
20201218_JM	20201218	20201218_JM_02	2	P	24	CT26	P24	384	NULL	NULL	NULL	0	NULL	P	24	384	440
