Cell ID	Plate ID	Well Y	Well X	MEASUREMENT SET ID	Total Cells (MultiWaveScoring)	% Positive W2 (MultiWaveScoring)	% Positive W3 (MultiWaveScoring)	Scan_ID	Well_ID
10296_90476_90476_0	10296	3	13	20177	168	92.261902000000006	100	10296	C13
10296_90477_90477_0	10296	4	13	20177	839	96.424316000000005	98.927291999999895	10296	D13
10296_90478_90478_0	10296	5	13	20177	3686	50.135646999999899	98.507866000000007	10296	E13
10296_90479_90479_0	10296	6	13	20177	4494	5.6074770000000003	93.902985000000001	10296	F13
10296_90480_90480_0	10296	7	13	20177	5089	4.4016500000000001	90.744743	10296	G13
10296_90481_90481_0	10296	8	13	20177	5163	8.3284909999999908	95.235328999999894	10296	H13
10296_90482_90482_0	10296	9	13	20177	2563	8.0374569999999892	98.088181000000006	10296	I13
10296_90483_90483_0	10296	10	13	20177	1579	7.6630779999999898	98.226723000000007	10296	J13
10296_90484_90484_0	10296	11	13	20177	2168	6.826568	98.985236999999898	10296	K13
10296_90485_90485_0	10296	12	13	20177	2257	8.7727070000000005	98.404961	10296	L13
10296_90486_90486_0	10296	13	13	20177	5001	5.1389719999999901	93.841232000000005	10296	M13
10296_90487_90487_0	10296	14	13	20177	5100	9.4705890000000004	95.803925000000007	10296	N13
10296_90499_90499_0	10296	3	14	20177	215	96.279067999999896	99.534881999999897	10296	C14
10296_90498_90498_0	10296	4	14	20177	1114	94.973067999999898	97.935371000000004	10296	D14
10296_90497_90497_0	10296	5	14	20177	3860	45.595855999999898	98.549225000000007	10296	E14
10296_90496_90496_0	10296	6	14	20177	3734	1.44617	89.314407000000003	10296	F14
10296_90495_90495_0	10296	7	14	20177	3986	3.9889610000000002	89.663826	10296	G14
10296_90494_90494_0	10296	8	14	20177	4781	5.0617029999999898	93.495086999999899	10296	H14
10296_90493_90493_0	10296	9	14	20177	1252	3.0351439999999901	94.568686999999898	10296	I14
10296_90492_90492_0	10296	10	14	20177	1917	5.1643189999999901	98.017737999999895	10296	J14
10296_90491_90491_0	10296	11	14	20177	1819	8.1913140000000002	99.4502489999999	10296	K14
10296_90490_90490_0	10296	12	14	20177	2695	6.19666099999999	97.513915999999895	10296	L14
10296_90489_90489_0	10296	13	14	20177	3963	4.2139790000000001	90.941208000000003	10296	M14
10296_90488_90488_0	10296	14	14	20177	5447	5.7095649999999898	94.565819000000005	10296	N14
10296_90500_90500_0	10296	3	15	20177	1294	1.081917	88.485313000000005	10296	C15
10296_90501_90501_0	10296	4	15	20177	200	6.5	100	10296	D15
10296_90502_90502_0	10296	5	15	20177	1902	9.5688750000000002	89.905365000000003	10296	E15
10296_90503_90503_0	10296	6	15	20177	1874	4.1088579999999899	84.098183000000006	10296	F15
10296_90504_90504_0	10296	7	15	20177	4360	4.4266059999999898	83.463302999999897	10296	G15
10296_90505_90505_0	10296	8	15	20177	4313	4.3589149999999899	91.444473000000002	10296	H15
10296_90506_90506_0	10296	9	15	20177	78	28.205127999999899	97.435897999999895	10296	I15
10296_90507_90507_0	10296	10	15	20177	54	24.074074	94.444443000000007	10296	J15
10296_90508_90508_0	10296	11	15	20177	361	39.3351779999999	100	10296	K15
10296_90509_90509_0	10296	12	15	20177	59	32.203387999999897	100	10296	L15
10296_90510_90510_0	10296	13	15	20177	4680	7.4786320000000002	93.824782999999897	10296	M15
10296_90511_90511_0	10296	14	15	20177	5395	7.45134399999999	96.107506000000001	10296	N15
10296_90523_90523_0	10296	3	16	20177	993	0.80564000000000002	89.526687999999893	10296	C16
10296_90522_90522_0	10296	4	16	20177	282	4.9645390000000003	100	10296	D16
10296_90521_90521_0	10296	5	16	20177	1831	17.094484000000001	96.067725999999894	10296	E16
10296_90520_90520_0	10296	6	16	20177	2480	11.4112899999999	90.201614000000006	10296	F16
10296_90519_90519_0	10296	7	16	20177	4599	5.76212199999999	88.345291000000003	10296	G16
10296_90518_90518_0	10296	8	16	20177	5897	9.8015939999999908	95.167029999999897	10296	H16
10296_90517_90517_0	10296	9	16	20177	40	45	100	10296	I16
10296_90516_90516_0	10296	10	16	20177	376	30.851064999999899	99.734038999999896	10296	J16
10296_90515_90515_0	10296	11	16	20177	211	43.127960000000002	100	10296	K16
10296_90514_90514_0	10296	12	16	20177	103	55.339806000000003	99.029128999999898	10296	L16
10296_90513_90513_0	10296	13	16	20177	4652	10.490111000000001	95.0129009999999	10296	M16
10296_90512_90512_0	10296	14	16	20177	5471	10.5830749999999	95.887405000000001	10296	N16
10296_90524_90524_0	10296	3	17	20177	3373	17.87726	97.124222000000003	10296	C17
10296_90525_90525_0	10296	4	17	20177	2992	20.989305000000002	97.860962000000001	10296	D17
10296_90526_90526_0	10296	5	17	20177	3958	4.2698330000000002	100	10296	E17
10296_90527_90527_0	10296	6	17	20177	3351	8.1766629999999907	95.971351999999897	10296	F17
10296_90528_90528_0	10296	7	17	20177	4564	6.2664330000000001	92.484665000000007	10296	G17
10296_90529_90529_0	10296	8	17	20177	4361	3.3249249999999901	91.928459000000004	10296	H17
10296_90530_90530_0	10296	9	17	20177	5653	31.717672	97.877234999999899	10296	I17
10296_90531_90531_0	10296	10	17	20177	4675	6.5882350000000001	93.582886000000002	10296	J17
10296_90532_90532_0	10296	11	17	20177	6230	8.3306579999999908	95.473517999999899	10296	K17
10296_90533_90533_0	10296	12	17	20177	5871	17.101006000000002	96.218704000000002	10296	L17
10296_90534_90534_0	10296	13	17	20177	5141	6.613499	92.764053000000004	10296	M17
10296_90535_90535_0	10296	14	17	20177	5537	9.4997290000000003	96.351814000000005	10296	N17
10296_90547_90547_0	10296	3	18	20177	2827	14.927485000000001	97.842239000000006	10296	C18
10296_90546_90546_0	10296	4	18	20177	3588	13.405797	97.826087999999899	10296	D18
10296_90545_90545_0	10296	5	18	20177	3492	3.264605	100	10296	E18
10296_90544_90544_0	10296	6	18	20177	3848	9.6153849999999892	95.530144000000007	10296	F18
10296_90543_90543_0	10296	7	18	20177	3628	2.7287759999999901	90.876518000000004	10296	G18
10296_90542_90542_0	10296	8	18	20177	4691	6.2033680000000002	92.432320000000004	10296	H18
10296_90541_90541_0	10296	9	18	20177	5834	43.692149999999899	96.503258000000002	10296	I18
10296_90540_90540_0	10296	10	18	20177	5728	6.2150840000000001	94.622901999999897	10296	J18
10296_90539_90539_0	10296	11	18	20177	5977	24.5608159999999	96.570183	10296	K18
10296_90538_90538_0	10296	12	18	20177	6200	19.887096	96.096771000000004	10296	L18
10296_90537_90537_0	10296	13	18	20177	4850	4.8453609999999898	92.742271000000002	10296	M18
10296_90536_90536_0	10296	14	18	20177	5879	21.023983000000001	96.649094000000005	10296	N18
10296_90548_90548_0	10296	3	19	20177	209	1.9138759999999899	96.650718999999896	10296	C19
10296_90549_90549_0	10296	4	19	20177	94	1.0638300000000001	95.744681999999898	10296	D19
10296_90550_90550_0	10296	5	19	20177	179	3.35195499999999	97.765366	10296	E19
10296_90551_90551_0	10296	6	19	20177	268	9.701492	99.253731000000002	10296	F19
10296_90552_90552_0	10296	7	19	20177	1257	17.0246619999999	98.488463999999894	10296	G19
10296_90553_90553_0	10296	8	19	20177	4758	7.1248420000000001	94.5565339999999	10296	H19
10296_90554_90554_0	10296	9	19	20177	4859	8.5408519999999903	92.447006000000002	10296	I19
10296_90555_90555_0	10296	10	19	20177	5266	18.685908999999899	96.467911000000001	10296	J19
10296_90556_90556_0	10296	11	19	20177	6603	12.252007000000001	96.759048000000007	10296	K19
10296_90557_90557_0	10296	12	19	20177	5787	13.824088	95.645409000000001	10296	L19
10296_90558_90558_0	10296	13	19	20177	5046	4.6175189999999899	92.707092000000003	10296	M19
10296_90559_90559_0	10296	14	19	20177	5055	11.454006	95.588524000000007	10296	N19
10296_90571_90571_0	10296	3	20	20177	180	0	95.555556999999894	10296	C20
10296_90570_90570_0	10296	4	20	20177	160	6.25	98.125	10296	D20
10296_90569_90569_0	10296	5	20	20177	135	2.96296299999999	97.037041000000002	10296	E20
10296_90568_90568_0	10296	6	20	20177	766	15.796345000000001	99.216712999999899	10296	F20
10296_90567_90567_0	10296	7	20	20177	1284	15.887851	98.442368000000002	10296	G20
10296_90566_90566_0	10296	8	20	20177	6134	12.455168	95.875450000000001	10296	H20
10296_90565_90565_0	10296	9	20	20177	4855	28.836252000000002	94.768280000000004	10296	I20
10296_90564_90564_0	10296	10	20	20177	5427	15.2570479999999	96.130454999999898	10296	J20
10296_90563_90563_0	10296	11	20	20177	6135	22.5590879999999	96.870414999999895	10296	K20
10296_90562_90562_0	10296	12	20	20177	6263	14.449944	95.561233999999899	10296	L20
10296_90561_90561_0	10296	13	20	20177	4784	8.9464880000000004	92.872069999999894	10296	M20
10296_90560_90560_0	10296	14	20	20177	5671	14.4947979999999	95.891379999999899	10296	N20
10296_90572_90572_0	10296	3	21	20177	775	4	98.967742999999899	10296	C21
10296_90573_90573_0	10296	4	21	20177	596	3.3557049999999902	98.825500000000005	10296	D21
10296_90574_90574_0	10296	5	21	20177	1511	5.6915950000000004	99.205826000000002	10296	E21
10296_90575_90575_0	10296	6	21	20177	3973	17.518248	98.338783000000006	10296	F21
10296_90576_90576_0	10296	7	21	20177	4503	5.5740619999999899	90.006659999999897	10296	G21
10296_90577_90577_0	10296	8	21	20177	4340	3.087558	89.723502999999894	10296	H21
10296_90578_90578_0	10296	9	21	20177	5129	65.158896999999897	99.044646999999898	10296	I21
10296_90579_90579_0	10296	10	21	20177	5259	50.218674	98.649933000000004	10296	J21
10296_90580_90580_0	10296	11	21	20177	6757	38.789402000000003	97.158501000000001	10296	K21
10296_90581_90581_0	10296	12	21	20177	5985	21.152882000000002	96.173766999999899	10296	L21
10296_90582_90582_0	10296	13	21	20177	5490	7.759563	92.896172000000007	10296	M21
10296_90583_90583_0	10296	14	21	20177	5500	10.345454	96.145454000000001	10296	N21
10296_90595_90595_0	10296	3	22	20177	506	3.952569	98.221344000000002	10296	C22
10296_90594_90594_0	10296	4	22	20177	791	4.424779	98.735778999999894	10296	D22
10296_90593_90593_0	10296	5	22	20177	1356	7.6696169999999899	98.893805999999898	10296	E22
10296_90592_90592_0	10296	6	22	20177	4358	12.138596	98.049560999999898	10296	F22
10296_90591_90591_0	10296	7	22	20177	4120	4.2961159999999898	90.728156999999896	10296	G22
10296_90590_90590_0	10296	8	22	20177	4797	4.0233480000000004	91.869918999999896	10296	H22
10296_90589_90589_0	10296	9	22	20177	4861	67.290679999999895	99.300551999999897	10296	I22
10296_90588_90588_0	10296	10	22	20177	5810	40.481926000000001	98.003440999999896	10296	J22
10296_90587_90587_0	10296	11	22	20177	5655	20.56587	97.435897999999895	10296	K22
10296_90586_90586_0	10296	12	22	20177	6164	13.497728	96.560676999999899	10296	L22
10296_90585_90585_0	10296	13	22	20177	5052	8.7292170000000002	94.398253999999895	10296	M22
10296_90584_90584_0	10296	14	22	20177	5531	11.806183000000001	96.872176999999894	10296	N22
10298_90716_90716_0	10298	3	13	20181	767	98.956978000000007	99.348106000000001	10298	C13
10298_90717_90717_0	10298	4	13	20181	918	97.821349999999896	98.801743000000002	10298	D13
10298_90718_90718_0	10298	5	13	20181	2703	98.298186999999899	89.789124000000001	10298	E13
10298_90719_90719_0	10298	6	13	20181	3965	44.640605999999899	86.456496999999899	10298	F13
10298_90720_90720_0	10298	7	13	20181	3975	28.226416	79.823898	10298	G13
10298_90721_90721_0	10298	8	13	20181	3676	37.5952109999999	84.466812000000004	10298	H13
10298_90722_90722_0	10298	9	13	20181	1414	32.390380999999898	88.118813000000003	10298	I13
10298_90723_90723_0	10298	10	13	20181	1167	54.155956000000003	96.229652000000002	10298	J13
10298_90724_90724_0	10298	11	13	20181	1163	78.933791999999897	99.140152	10298	K13
10298_90725_90725_0	10298	12	13	20181	3305	54.4024199999999	93.494704999999897	10298	L13
10298_90726_90726_0	10298	13	13	20181	3603	39.800167000000002	92.728279000000001	10298	M13
10298_90727_90727_0	10298	14	13	20181	3608	68.625275000000002	96.812636999999896	10298	N13
10298_90739_90739_0	10298	3	14	20181	768	98.697913999999898	99.21875	10298	C14
10298_90738_90738_0	10298	4	14	20181	1036	98.648651000000001	99.903473000000005	10298	D14
10298_90737_90737_0	10298	5	14	20181	2818	98.793471999999895	91.625266999999894	10298	E14
10298_90736_90736_0	10298	6	14	20181	3773	39.623641999999897	85.952820000000003	10298	F14
10298_90735_90735_0	10298	7	14	20181	4016	38.994022000000001	84.088645999999898	10298	G14
10298_90734_90734_0	10298	8	14	20181	3908	39.611052999999899	87.563972000000007	10298	H14
10298_90733_90733_0	10298	9	14	20181	1600	37.1875	89.3125	10298	I14
10298_90732_90732_0	10298	10	14	20181	1454	53.094909999999899	95.529572000000002	10298	J14
10298_90731_90731_0	10298	11	14	20181	1250	64	98.239998	10298	K14
10298_90730_90730_0	10298	12	14	20181	3301	55.3468629999999	93.668587000000002	10298	L14
10298_90729_90729_0	10298	13	14	20181	3905	37.823303000000003	92.471191000000005	10298	M14
10298_90728_90728_0	10298	14	14	20181	3704	59.152267000000002	94.006477000000004	10298	N14
10298_90740_90740_0	10298	3	15	20181	1303	22.179586	79.815810999999897	10298	C15
10298_90741_90741_0	10298	4	15	20181	1805	3.8227150000000001	100	10298	D15
10298_90742_90742_0	10298	5	15	20181	2262	9.5048630000000003	61.096375000000002	10298	E15
10298_90743_90743_0	10298	6	15	20181	2599	21.969988000000001	68.257019	10298	F15
10298_90744_90744_0	10298	7	15	20181	2947	31.727180000000001	75.704109000000003	10298	G15
10298_90745_90745_0	10298	8	15	20181	4135	40.507857999999899	88.609427999999895	10298	H15
10298_90746_90746_0	10298	9	15	20181	315	65.079369	100	10298	I15
10298_90747_90747_0	10298	10	15	20181	188	74.468086	100	10298	J15
10298_90748_90748_0	10298	11	15	20181	286	73.426575	100	10298	K15
10298_90749_90749_0	10298	12	15	20181	2485	80.241446999999894	99.557343000000003	10298	L15
10298_90750_90750_0	10298	13	15	20181	3779	37.734851999999897	93.940192999999894	10298	M15
10298_90751_90751_0	10298	14	15	20181	3812	41.421824999999899	91.290665000000004	10298	N15
10298_90763_90763_0	10298	3	16	20181	1336	20.059878999999899	77.245506000000006	10298	C16
10298_90762_90762_0	10298	4	16	20181	1712	8.2359810000000007	100	10298	D16
10298_90761_90761_0	10298	5	16	20181	2115	12.293144	63.262413000000002	10298	E16
10298_90760_90760_0	10298	6	16	20181	2668	24.475262000000001	70.952026000000004	10298	F16
10298_90759_90759_0	10298	7	16	20181	2189	18.775696	56.875286000000003	10298	G16
10298_90758_90758_0	10298	8	16	20181	4049	41.343539999999898	88.565078999999898	10298	H16
10298_90757_90757_0	10298	9	16	20181	152	84.210526000000002	100	10298	I16
10298_90756_90756_0	10298	10	16	20181	316	68.670883000000003	100	10298	J16
10298_90755_90755_0	10298	11	16	20181	178	80.898880000000005	100	10298	K16
10298_90754_90754_0	10298	12	16	20181	2804	80.206847999999894	99.714691000000002	10298	L16
10298_90753_90753_0	10298	13	16	20181	3638	39.967013999999899	91.643760999999898	10298	M16
10298_90752_90752_0	10298	14	16	20181	3745	44.325767999999897	94.098800999999895	10298	N16
10298_90764_90764_0	10298	3	17	20181	2737	63.646327999999897	79.028130000000004	10298	C17
10298_90765_90765_0	10298	4	17	20181	2783	52.066116000000001	67.948256999999899	10298	D17
10298_90766_90766_0	10298	5	17	20181	3178	6.4820640000000003	100	10298	E17
10298_90767_90767_0	10298	6	17	20181	3176	75.220405999999898	83.658691000000005	10298	F17
10298_90768_90768_0	10298	7	17	20181	4037	52.935349000000002	89.373299000000003	10298	G17
10298_90769_90769_0	10298	8	17	20181	3441	43.998837000000002	93.693695000000005	10298	H17
10298_90770_90770_0	10298	9	17	20181	1786	92.217247	99.048148999999896	10298	I17
10298_90771_90771_0	10298	10	17	20181	3676	52.040260000000004	90.614799000000005	10298	J17
10298_90772_90772_0	10298	11	17	20181	3742	50.881881999999898	96.525925000000001	10298	K17
10298_90773_90773_0	10298	12	17	20181	3868	47.776629999999898	95.630814000000001	10298	L17
10298_90774_90774_0	10298	13	17	20181	4144	55.308880000000002	96.042473000000001	10298	M17
10298_90775_90775_0	10298	14	17	20181	3798	54.660347000000002	94.997367999999895	10298	N17
10298_90787_90787_0	10298	3	18	20181	2972	70.659485000000004	83.243606999999898	10298	C18
10298_90786_90786_0	10298	4	18	20181	2998	53.869247000000001	68.378922000000003	10298	D18
10298_90785_90785_0	10298	5	18	20181	3009	5.9155860000000002	100	10298	E18
10298_90784_90784_0	10298	6	18	20181	3260	65.184051999999895	82.883437999999899	10298	F18
10298_90783_90783_0	10298	7	18	20181	3919	47.103850999999899	90.788466999999898	10298	G18
10298_90782_90782_0	10298	8	18	20181	3872	47.081612	93.827477000000002	10298	H18
10298_90781_90781_0	10298	9	18	20181	2008	92.081672999999896	98.655379999999894	10298	I18
10298_90780_90780_0	10298	10	18	20181	3627	46.677695999999898	88.888885000000002	10298	J18
10298_90779_90779_0	10298	11	18	20181	3860	53.419688999999899	97.979270999999898	10298	K18
10298_90778_90778_0	10298	12	18	20181	3863	47.657260999999899	95.676933000000005	10298	L18
10298_90777_90777_0	10298	13	18	20181	3465	44.011543000000003	92.842712000000006	10298	M18
10298_90776_90776_0	10298	14	18	20181	3210	41.651088999999899	90.249222000000003	10298	N18
10298_90788_90788_0	10298	3	19	20181	1559	44.836433	99.550995	10298	C19
10298_90789_90789_0	10298	4	19	20181	1549	46.675274000000002	99.548096000000001	10298	D19
10298_90790_90790_0	10298	5	19	20181	1660	36.144576999999899	99.698791999999898	10298	E19
10298_90791_90791_0	10298	6	19	20181	2202	30.199818	96.639420000000001	10298	F19
10298_90792_90792_0	10298	7	19	20181	3310	30.120846	88.519638	10298	G19
10298_90793_90793_0	10298	8	19	20181	3708	41.936356000000004	90.830635000000001	10298	H19
10298_90794_90794_0	10298	9	19	20181	2734	51.426482999999898	91.404533000000001	10298	I19
10298_90795_90795_0	10298	10	19	20181	3641	50.233452	92.282341000000002	10298	J19
10298_90796_90796_0	10298	11	19	20181	3658	45.215964999999898	94.805908000000002	10298	K19
10298_90797_90797_0	10298	12	19	20181	3836	45.620438	93.508865	10298	L19
10298_90798_90798_0	10298	13	19	20181	3700	41.270271000000001	89.24324	10298	M19
10298_90799_90799_0	10298	14	19	20181	3722	47.071468000000003	92.907036000000005	10298	N19
10298_90811_90811_0	10298	3	20	20181	1626	57.626075999999898	99.938498999999894	10298	C20
10298_90810_90810_0	10298	4	20	20181	1587	39.949589000000003	99.432891999999896	10298	D20
10298_90809_90809_0	10298	5	20	20181	1744	35.493118000000003	99.082565000000002	10298	E20
10298_90808_90808_0	10298	6	20	20181	2260	27.9646019999999	94.336281	10298	F20
10298_90807_90807_0	10298	7	20	20181	3463	30.031765	85.763785999999897	10298	G20
10298_90806_90806_0	10298	8	20	20181	4063	45.557468	94.831406000000001	10298	H20
10298_90805_90805_0	10298	9	20	20181	2960	73.141891000000001	96.283783	10298	I20
10298_90804_90804_0	10298	10	20	20181	3419	53.436675999999899	92.307693	10298	J20
10298_90803_90803_0	10298	11	20	20181	3825	54.588234	97.620918000000003	10298	K20
10298_90802_90802_0	10298	12	20	20181	3568	42.544842000000003	89.097533999999897	10298	L20
10298_90801_90801_0	10298	13	20	20181	3906	44.623657000000001	91.3466489999999	10298	M20
10298_90800_90800_0	10298	14	20	20181	3208	45.480049000000001	91.770576000000005	10298	N20
10298_90812_90812_0	10298	3	21	20181	2036	60.166995999999898	89.636543000000003	10298	C21
10298_90813_90813_0	10298	4	21	20181	3052	36.369594999999897	71.297507999999894	10298	D21
10298_90814_90814_0	10298	5	21	20181	3581	34.487572	86.735550000000003	10298	E21
10298_90815_90815_0	10298	6	21	20181	3503	33.685412999999897	86.754210999999898	10298	F21
10298_90816_90816_0	10298	7	21	20181	3502	29.354654	80.439751000000001	10298	G21
10298_90817_90817_0	10298	8	21	20181	3898	47.203693000000001	93.3042599999999	10298	H21
10298_90818_90818_0	10298	9	21	20181	2891	92.666900999999896	84.226912999999897	10298	I21
10298_90819_90819_0	10298	10	21	20181	3551	88.904533000000001	91.748801999999898	10298	J21
10298_90820_90820_0	10298	11	21	20181	3425	71.883208999999894	92.145988000000003	10298	K21
10298_90821_90821_0	10298	12	21	20181	3399	50.338332999999899	88.172989000000001	10298	L21
10298_90822_90822_0	10298	13	21	20181	3280	45.457317000000003	84.512191999999899	10298	M21
10298_90823_90823_0	10298	14	21	20181	3634	53.769950999999899	92.294990999999897	10298	N21
10298_90835_90835_0	10298	3	22	20181	1981	63.705199999999898	88.692581000000004	10298	C22
10298_90834_90834_0	10298	4	22	20181	3053	46.675400000000003	68.129706999999897	10298	D22
10298_90833_90833_0	10298	5	22	20181	3808	34.873950999999899	82.983192000000003	10298	E22
10298_90832_90832_0	10298	6	22	20181	3746	36.225307000000001	85.985054000000005	10298	F22
10298_90831_90831_0	10298	7	22	20181	3422	21.8585619999999	72.501464999999897	10298	G22
10298_90830_90830_0	10298	8	22	20181	3746	38.841431	86.572342000000006	10298	H22
10298_90829_90829_0	10298	9	22	20181	3251	93.325134000000006	85.389114000000006	10298	I22
10298_90828_90828_0	10298	10	22	20181	3130	85.175719999999899	84.600639000000001	10298	J22
10298_90827_90827_0	10298	11	22	20181	3930	78.193382	95.139945999999895	10298	K22
10298_90826_90826_0	10298	12	22	20181	3417	56.423763000000001	90.254608000000005	10298	L22
10298_90825_90825_0	10298	13	22	20181	3847	64.309853000000004	93.709380999999894	10298	M22
10298_90824_90824_0	10298	14	22	20181	3460	52.8901749999999	88.988440999999895	10298	N22
10313_93194_93194_0	10313	3	13	20191	9	88.888885000000002	100	10313	C13
10313_93195_93195_0	10313	4	13	20191	32	87.5	100	10313	D13
10313_93196_93196_0	10313	5	13	20191	2019	34.026744999999899	98.266471999999894	10313	E13
10313_93197_93197_0	10313	6	13	20191	893	9.2945130000000002	98.432250999999894	10313	F13
10313_93198_93198_0	10313	7	13	20191	1871	19.615179000000001	97.808655000000002	10313	G13
10313_93199_93199_0	10313	8	13	20191	1139	21.4223	97.278312999999898	10313	H13
10313_93200_93200_0	10313	9	13	20191	45	68.888885000000002	100	10313	I13
10313_93201_93201_0	10313	10	13	20191	79	72.151900999999896	100	10313	J13
10313_93202_93202_0	10313	11	13	20191	670	58.358207999999898	99.701492000000002	10313	K13
10313_93203_93203_0	10313	12	13	20191	466	45.708153000000003	99.785408000000004	10313	L13
10313_93204_93204_0	10313	13	13	20191	1929	17.003630000000001	98.652152999999899	10313	M13
10313_93205_93205_0	10313	14	13	20191	1283	25.954794	98.207329000000001	10313	N13
10313_93217_93217_0	10313	3	14	20191	7	100	100	10313	C14
10313_93216_93216_0	10313	4	14	20191	52	86.538460000000001	100	10313	D14
10313_93215_93215_0	10313	5	14	20191	1607	40.385810999999897	99.004356000000001	10313	E14
10313_93214_93214_0	10313	6	14	20191	1326	18.552036000000001	98.944191000000004	10313	F14
10313_93213_93213_0	10313	7	14	20191	1066	23.358349	98.123824999999897	10313	G14
10313_93212_93212_0	10313	8	14	20191	1927	26.569797999999899	99.065903000000006	10313	H14
10313_93211_93211_0	10313	9	14	20191	45	33.333331999999899	100	10313	I14
10313_93210_93210_0	10313	10	14	20191	346	39.884391999999899	99.132949999999894	10313	J14
10313_93209_93209_0	10313	11	14	20191	258	45.736435	98.062011999999896	10313	K14
10313_93208_93208_0	10313	12	14	20191	880	38.295456000000001	99.659087999999898	10313	L14
10313_93207_93207_0	10313	13	14	20191	1209	24.152190999999899	98.842017999999896	10313	M14
10313_93206_93206_0	10313	14	14	20191	1891	28.6620829999999	98.942359999999894	10313	N14
10313_93218_93218_0	10313	3	15	20191	217	26.728110999999899	97.695853999999898	10313	C15
10313_93219_93219_0	10313	4	15	20191	504	22.420635000000001	97.222221000000005	10313	D15
10313_93220_93220_0	10313	5	15	20191	613	37.683525000000003	99.021209999999897	10313	E15
10313_93221_93221_0	10313	6	15	20191	523	40.917782000000003	99.617592000000002	10313	F15
10313_93222_93222_0	10313	7	15	20191	1837	30.865541	99.727813999999896	10313	G15
10313_93223_93223_0	10313	8	15	20191	1526	23.132372	99.017036000000004	10313	H15
10313_93224_93224_0	10313	9	15	20191	53	60.377357000000003	98.113204999999894	10313	I15
10313_93225_93225_0	10313	10	15	20191	254	53.937007999999899	98.818900999999897	10313	J15
10313_93226_93226_0	10313	11	15	20191	647	37.094279999999898	100	10313	K15
10313_93227_93227_0	10313	12	15	20191	27	55.555557	100	10313	L15
10313_93228_93228_0	10313	13	15	20191	1883	27.137547000000001	99.681358000000003	10313	M15
10313_93229_93229_0	10313	14	15	20191	1476	37.737129000000003	99.254745	10313	N15
10313_93241_93241_0	10313	3	16	20191	196	37.755099999999899	99.489799000000005	10313	C16
10313_93240_93240_0	10313	4	16	20191	999	25.225224999999899	96.896895999999899	10313	D16
10313_93239_93239_0	10313	5	16	20191	763	37.090431000000002	99.213631000000007	10313	E16
10313_93238_93238_0	10313	6	16	20191	1173	52.088661000000002	99.829498000000001	10313	F16
10313_93237_93237_0	10313	7	16	20191	1239	33.4140429999999	99.192893999999896	10313	G16
10313_93236_93236_0	10313	8	16	20191	2241	18.607765000000001	99.687636999999896	10313	H16
10313_93235_93235_0	10313	9	16	20191	568	52.288730999999899	99.119720000000001	10313	I16
10313_93234_93234_0	10313	10	16	20191	1179	55.216285999999897	99.151825000000002	10313	J16
10313_93233_93233_0	10313	11	16	20191	315	34.603175999999898	98.095237999999895	10313	K16
10313_93232_93232_0	10313	12	16	20191	512	72.851562999999899	99.804687999999899	10313	L16
10313_93231_93231_0	10313	13	16	20191	1484	34.164420999999898	99.932616999999894	10313	M16
10313_93230_93230_0	10313	14	16	20191	1981	22.513881999999899	99.545685000000006	10313	N16
10313_93242_93242_0	10313	3	17	20191	2112	41.619320000000002	99.573859999999897	10313	C17
10313_93243_93243_0	10313	4	17	20191	485	36.288657999999899	99.381446999999895	10313	D17
10313_93244_93244_0	10313	5	17	20191	1424	39.466293	99.438202000000004	10313	E17
10313_93245_93245_0	10313	6	17	20191	1798	33.092323	99.610680000000002	10313	F17
10313_93246_93246_0	10313	7	17	20191	2262	26.436781	99.381080999999895	10313	G17
10313_93247_93247_0	10313	8	17	20191	715	39.860142000000003	99.580421000000001	10313	H17
10313_93248_93248_0	10313	9	17	20191	579	85.146805000000001	99.827286000000001	10313	I17
10313_93249_93249_0	10313	10	17	20191	2028	37.228797999999898	99.605521999999894	10313	J17
10313_93250_93250_0	10313	11	17	20191	1956	27.811861	99.744377	10313	K17
10313_93251_93251_0	10313	12	17	20191	1382	35.383502999999898	99.855286000000007	10313	L17
10313_93252_93252_0	10313	13	17	20191	1980	29.141414999999899	99.595962999999898	10313	M17
10313_93253_93253_0	10313	14	17	20191	1504	33.710106000000003	98.736701999999894	10313	N17
10313_93265_93265_0	10313	3	18	20191	724	54.143645999999897	99.309394999999896	10313	C18
10313_93264_93264_0	10313	4	18	20191	1632	49.693626000000002	99.938727999999898	10313	D18
10313_93263_93263_0	10313	5	18	20191	628	53.343947999999898	100	10313	E18
10313_93262_93262_0	10313	6	18	20191	1984	43.598788999999897	99.596771000000004	10313	F18
10313_93261_93261_0	10313	7	18	20191	1480	28.648648999999899	99.594596999999894	10313	G18
10313_93260_93260_0	10313	8	18	20191	2353	24.946877000000001	99.617508000000001	10313	H18
10313_93259_93259_0	10313	9	18	20191	734	89.645775	99.863761999999895	10313	I18
10313_93258_93258_0	10313	10	18	20191	2002	33.416584	99.850150999999897	10313	J18
10313_93257_93257_0	10313	11	18	20191	1471	37.93338	99.388167999999894	10313	K18
10313_93256_93256_0	10313	12	18	20191	2175	21.701149000000001	99.356323000000003	10313	L18
10313_93255_93255_0	10313	13	18	20191	1498	31.842457	99.532707000000002	10313	M18
10313_93254_93254_0	10313	14	18	20191	1882	31.083953999999899	99.309241999999898	10313	N18
10313_93266_93266_0	10313	3	19	20191	66	53.030304000000001	100	10313	C19
10313_93267_93267_0	10313	4	19	20191	17	23.529411	100	10313	D19
10313_93268_93268_0	10313	5	19	20191	185	36.216217	99.459457	10313	E19
10313_93269_93269_0	10313	6	19	20191	40	22.5	100	10313	F19
10313_93270_93270_0	10313	7	19	20191	1192	47.567115999999899	100	10313	G19
10313_93271_93271_0	10313	8	19	20191	1449	26.017944	99.585921999999897	10313	H19
10313_93272_93272_0	10313	9	19	20191	1805	37.562328000000001	99.445983999999896	10313	I19
10313_93273_93273_0	10313	10	19	20191	1891	32.152301999999899	99.259651000000005	10313	J19
10313_93274_93274_0	10313	11	19	20191	2324	23.364887	99.440619999999896	10313	K19
10313_93275_93275_0	10313	12	19	20191	1384	32.369942000000002	99.494217000000006	10313	L19
10313_93276_93276_0	10313	13	19	20191	2028	20.512820999999899	98.717949000000004	10313	M19
10313_93277_93277_0	10313	14	19	20191	1441	37.126995000000001	99.514229	10313	N19
10313_93288_93288_0	10313	3	20	20191	0	0	0	10313	C20
10313_93288_93288_0	10313	4	20	20191	154	14.285714	96.753249999999895	10313	D20
10313_93287_93287_0	10313	5	20	20191	253	37.549408	98.418976000000001	10313	E20
10313_93286_93286_0	10313	6	20	20191	412	40.776699000000001	99.514565000000005	10313	F20
10313_93285_93285_0	10313	7	20	20191	586	43.686008000000001	99.829352999999898	10313	G20
10313_93284_93284_0	10313	8	20	20191	2138	19.550982000000001	99.064544999999896	10313	H20
10313_93283_93283_0	10313	9	20	20191	1528	35.667538	99.541884999999894	10313	I20
10313_93282_93282_0	10313	10	20	20191	2098	23.069590000000002	99.094375999999897	10313	J20
10313_93281_93281_0	10313	11	20	20191	2050	23.5121959999999	99.512191999999899	10313	K20
10313_93280_93280_0	10313	12	20	20191	2155	23.897911000000001	99.675171000000006	10313	L20
10313_93279_93279_0	10313	13	20	20191	1614	28.438662000000001	99.628249999999895	10313	M20
10313_93278_93278_0	10313	14	20	20191	2102	27.354900000000001	99.476692	10313	N20
10313_93290_93290_0	10313	3	21	20191	128	85.15625	100	10313	C21
10313_93291_93291_0	10313	4	21	20191	1	100	100	10313	D21
10313_93292_93292_0	10313	5	21	20191	104	76.923079999999899	99.038460000000001	10313	E21
10313_93293_93293_0	10313	6	21	20191	532	59.962406000000001	100	10313	F21
10313_93294_93294_0	10313	7	21	20191	2055	25.742092	99.756691000000004	10313	G21
10313_93295_93295_0	10313	8	21	20191	1180	26.6949159999999	99.576271000000006	10313	H21
10313_93296_93296_0	10313	9	21	20191	2033	67.683228	99.754058999999899	10313	I21
10313_93297_93297_0	10313	10	21	20191	2189	60.027408999999899	99.634536999999895	10313	J21
10313_93298_93298_0	10313	11	21	20191	2358	34.520778999999898	98.982185000000001	10313	K21
10313_93299_93299_0	10313	12	21	20191	1563	43.314140000000002	99.296227000000002	10313	L21
10313_93300_93300_0	10313	13	21	20191	2099	33.015720000000002	99.333015000000003	10313	M21
10313_93301_93301_0	10313	14	21	20191	1145	44.978164999999898	98.864632	10313	N21
10313_93313_93313_0	10313	3	22	20191	24	50	100	10313	C22
10313_93312_93312_0	10313	4	22	20191	99	68.686867000000007	93.939391999999899	10313	D22
10313_93311_93311_0	10313	5	22	20191	112	86.607140000000001	100	10313	E22
10313_93310_93310_0	10313	6	22	20191	518	65.057914999999895	99.806952999999893	10313	F22
10313_93309_93309_0	10313	7	22	20191	1532	33.2245449999999	99.216712999999899	10313	G22
10313_93308_93308_0	10313	8	22	20191	2087	23.814087000000001	99.520843999999897	10313	H22
10313_93307_93307_0	10313	9	22	20191	1654	65.719466999999895	99.576781999999895	10313	I22
10313_93306_93306_0	10313	10	22	20191	2235	57.494408	99.552574000000007	10313	J22
10313_93305_93305_0	10313	11	22	20191	2130	43.286385000000003	99.718306999999896	10313	K22
10313_93304_93304_0	10313	12	22	20191	2395	31.6075149999999	99.331940000000003	10313	L22
10313_93303_93303_0	10313	13	22	20191	1929	40.902023	99.585273999999899	10313	M22
10313_93302_93302_0	10313	14	22	20191	2247	30.129061	99.020920000000004	10313	N22
10315_93434_93434_0	10315	3	13	20193	92	70.652175999999898	100	10315	C13
10315_93435_93435_0	10315	4	13	20193	185	66.486487999999895	98.918921999999895	10315	D13
10315_93436_93436_0	10315	5	13	20193	509	50.491157999999899	90.569748000000004	10315	E13
10315_93437_93437_0	10315	6	13	20193	511	6.4579259999999898	67.318984999999898	10315	F13
10315_93438_93438_0	10315	7	13	20193	560	6.7857139999999898	48.035713000000001	10315	G13
10315_93439_93439_0	10315	8	13	20193	529	7.56143699999999	48.771267000000002	10315	H13
10315_93440_93440_0	10315	9	13	20193	468	10.4700849999999	66.452988000000005	10315	I13
10315_93441_93441_0	10315	10	13	20193	462	15.584415	82.467528999999899	10315	J13
10315_93442_93442_0	10315	11	13	20193	508	11.811024	76.968506000000005	10315	K13
10315_93443_93443_0	10315	12	13	20193	479	8.5594990000000006	62.212944	10315	L13
10315_93444_93444_0	10315	13	13	20193	575	8.1739130000000007	52.695652000000003	10315	M13
10315_93445_93445_0	10315	14	13	20193	547	6.9469830000000004	60.511882999999898	10315	N13
10315_93457_93457_0	10315	3	14	20193	55	70.909087999999898	100	10315	C14
10315_93456_93456_0	10315	4	14	20193	218	73.853210000000004	99.082565000000002	10315	D14
10315_93455_93455_0	10315	5	14	20193	450	43.333331999999899	83.333336000000003	10315	E14
10315_93454_93454_0	10315	6	14	20193	580	11.551724	54.655174000000002	10315	F14
10315_93453_93453_0	10315	7	14	20193	524	5.9160300000000001	47.328243000000001	10315	G14
10315_93452_93452_0	10315	8	14	20193	609	11.986864000000001	49.589492999999898	10315	H14
10315_93451_93451_0	10315	9	14	20193	566	12.544169	73.321556000000001	10315	I14
10315_93450_93450_0	10315	10	14	20193	528	10.606061	72.159087999999898	10315	J14
10315_93449_93449_0	10315	11	14	20193	578	10.553634000000001	79.238754	10315	K14
10315_93448_93448_0	10315	12	14	20193	564	9.0425529999999892	62.588653999999899	10315	L14
10315_93447_93447_0	10315	13	14	20193	522	11.302682000000001	57.088123000000003	10315	M14
10315_93446_93446_0	10315	14	14	20193	504	6.5476190000000001	68.849204999999898	10315	N14
10315_93458_93458_0	10315	3	15	20193	329	6.079027	78.723404000000002	10315	C15
10315_93459_93459_0	10315	4	15	20193	395	8.3544300000000007	65.569618000000006	10315	D15
10315_93460_93460_0	10315	5	15	20193	475	12	66.105262999999894	10315	E15
10315_93461_93461_0	10315	6	15	20193	535	8.2242990000000002	45.981307999999899	10315	F15
10315_93462_93462_0	10315	7	15	20193	610	6.3934430000000004	36.721310000000003	10315	G15
10315_93463_93463_0	10315	8	15	20193	622	6.2700959999999899	43.890675000000002	10315	H15
10315_93464_93464_0	10315	9	15	20193	253	35.573124	98.023712000000003	10315	I15
10315_93465_93465_0	10315	10	15	20193	272	38.602939999999897	95.955878999999896	10315	J15
10315_93466_93466_0	10315	11	15	20193	358	31.2849159999999	98.603354999999894	10315	K15
10315_93467_93467_0	10315	12	15	20193	251	37.848605999999897	94.422309999999896	10315	L15
10315_93468_93468_0	10315	13	15	20193	447	20.357942999999899	87.695746999999898	10315	M15
10315_93469_93469_0	10315	14	15	20193	503	7.7534789999999898	66.998008999999897	10315	N15
10315_93481_93481_0	10315	3	16	20193	350	10	85.428573999999898	10315	C16
10315_93480_93480_0	10315	4	16	20193	415	7.9518069999999899	59.277107000000001	10315	D16
10315_93479_93479_0	10315	5	16	20193	464	10.129311	60.775863999999899	10315	E16
10315_93478_93478_0	10315	6	16	20193	491	9.1649689999999904	39.511200000000002	10315	F16
10315_93477_93477_0	10315	7	16	20193	486	8.4362139999999908	58.436214	10315	G16
10315_93476_93476_0	10315	8	16	20193	620	8.5483879999999903	56.935482	10315	H16
10315_93475_93475_0	10315	9	16	20193	186	52.150539000000002	97.849463999999898	10315	I16
10315_93474_93474_0	10315	10	16	20193	384	34.375	97.916663999999898	10315	J16
10315_93473_93473_0	10315	11	16	20193	261	36.781609000000003	98.084289999999896	10315	K16
10315_93472_93472_0	10315	12	16	20193	313	34.185302999999898	96.485625999999897	10315	L16
10315_93471_93471_0	10315	13	16	20193	406	21.9211829999999	92.857140000000001	10315	M16
10315_93470_93470_0	10315	14	16	20193	537	8.1936680000000006	62.383614000000001	10315	N16
10315_93482_93482_0	10315	3	17	20193	502	6.3745019999999899	95.418327000000005	10315	C17
10315_93483_93483_0	10315	4	17	20193	464	7.75862099999999	87.5	10315	D17
10315_93484_93484_0	10315	5	17	20193	544	9.1911760000000005	89.154410999999897	10315	E17
10315_93485_93485_0	10315	6	17	20193	507	11.242603000000001	88.954635999999894	10315	F17
10315_93486_93486_0	10315	7	17	20193	557	6.4631959999999902	74.147216999999898	10315	G17
10315_93487_93487_0	10315	8	17	20193	452	11.5044249999999	62.610619	10315	H17
10315_93488_93488_0	10315	9	17	20193	467	53.319057000000001	73.661666999999895	10315	I17
10315_93489_93489_0	10315	10	17	20193	555	11.351352	49.909908000000001	10315	J17
10315_93490_93490_0	10315	11	17	20193	596	9.3959729999999908	47.483223000000002	10315	K17
10315_93491_93491_0	10315	12	17	20193	587	8.0068140000000003	52.981262000000001	10315	L17
10315_93492_93492_0	10315	13	17	20193	549	9.4717660000000006	57.0127489999999	10315	M17
10315_93493_93493_0	10315	14	17	20193	520	13.653846	67.307693	10315	N17
10315_93505_93505_0	10315	3	18	20193	390	11.794871000000001	82.820510999999897	10315	C18
10315_93504_93504_0	10315	4	18	20193	443	8.3521439999999902	88.487587000000005	10315	D18
10315_93503_93503_0	10315	5	18	20193	466	17.167380999999899	89.484977999999899	10315	E18
10315_93502_93502_0	10315	6	18	20193	561	9.9821749999999891	83.778969000000004	10315	F18
10315_93501_93501_0	10315	7	18	20193	445	12.134831	74.382019	10315	G18
10315_93500_93500_0	10315	8	18	20193	538	12.081784000000001	51.858738000000002	10315	H18
10315_93499_93499_0	10315	9	18	20193	502	37.250996000000001	65.338645999999898	10315	I18
10315_93498_93498_0	10315	10	18	20193	575	12.869565	42.956519999999898	10315	J18
10315_93497_93497_0	10315	11	18	20193	613	10.114193	53.017944	10315	K18
10315_93496_93496_0	10315	12	18	20193	561	11.586452	61.6755789999999	10315	L18
10315_93495_93495_0	10315	13	18	20193	575	9.0434780000000003	50.956519999999898	10315	M18
10315_93494_93494_0	10315	14	18	20193	475	6.9473690000000001	61.684212000000002	10315	N18
10315_93506_93506_0	10315	3	19	20193	264	7.9545450000000004	94.318184000000002	10315	C19
10315_93507_93507_0	10315	4	19	20193	209	6.6985650000000003	96.650718999999896	10315	D19
10315_93508_93508_0	10315	5	19	20193	305	6.55737699999999	94.426231000000001	10315	E19
10315_93509_93509_0	10315	6	19	20193	316	5.6962029999999899	98.101264999999898	10315	F19
10315_93510_93510_0	10315	7	19	20193	391	3.0690539999999902	96.163680999999897	10315	G19
10315_93511_93511_0	10315	8	19	20193	498	6.8273089999999899	56.827309	10315	H19
10315_93512_93512_0	10315	9	19	20193	499	8.6172339999999892	59.719439999999899	10315	I19
10315_93513_93513_0	10315	10	19	20193	513	7.017544	51.267055999999897	10315	J19
10315_93514_93514_0	10315	11	19	20193	526	4.9429660000000002	53.422054000000003	10315	K19
10315_93515_93515_0	10315	12	19	20193	515	5.4368930000000004	52.233009000000003	10315	L19
10315_93516_93516_0	10315	13	19	20193	535	8.2242990000000002	56.261681000000003	10315	M19
10315_93517_93517_0	10315	14	19	20193	446	6.9506730000000001	52.242153000000002	10315	N19
10315_93529_93529_0	10315	3	20	20193	279	16.129031999999899	96.774192999999897	10315	C20
10315_93528_93528_0	10315	4	20	20193	289	8.3044989999999892	93.425606000000002	10315	D20
10315_93527_93527_0	10315	5	20	20193	261	11.494253	96.934867999999895	10315	E20
10315_93526_93526_0	10315	6	20	20193	341	9.6774199999999908	93.841644000000002	10315	F20
10315_93525_93525_0	10315	7	20	20193	335	7.4626869999999901	95.522385	10315	G20
10315_93524_93524_0	10315	8	20	20193	525	8	60.5714299999999	10315	H20
10315_93523_93523_0	10315	9	20	20193	515	9.7087380000000003	52.038834000000001	10315	I20
10315_93522_93522_0	10315	10	20	20193	469	13.432836	54.371001999999898	10315	J20
10315_93521_93521_0	10315	11	20	20193	603	9.9502489999999906	53.233829	10315	K20
10315_93520_93520_0	10315	12	20	20193	570	8.2456139999999891	55.964911999999899	10315	L20
10315_93519_93519_0	10315	13	20	20193	536	6.716418	48.134326999999899	10315	M20
10315_93518_93518_0	10315	14	20	20193	511	9.9804309999999905	47.162426000000004	10315	N20
10315_93530_93530_0	10315	3	21	20193	201	4.4776119999999899	94.029854	10315	C21
10315_93531_93531_0	10315	4	21	20193	210	2.3809520000000002	86.666663999999898	10315	D21
10315_93532_93532_0	10315	5	21	20193	449	6.9042320000000004	74.610245000000006	10315	E21
10315_93533_93533_0	10315	6	21	20193	510	10.196078	59.215687000000003	10315	F21
10315_93534_93534_0	10315	7	21	20193	400	7	63.5	10315	G21
10315_93535_93535_0	10315	8	21	20193	485	4.1237110000000001	56.701031	10315	H21
10315_93536_93536_0	10315	9	21	20193	420	26.1904749999999	66.904762000000005	10315	I21
10315_93537_93537_0	10315	10	21	20193	420	15	62.1428569999999	10315	J21
10315_93538_93538_0	10315	11	21	20193	537	12.476723	51.3966479999999	10315	K21
10315_93539_93539_0	10315	12	21	20193	499	9.6192390000000003	55.711421999999899	10315	L21
10315_93540_93540_0	10315	13	21	20193	492	9.3495930000000005	52.032519999999899	10315	M21
10315_93541_93541_0	10315	14	21	20193	515	12.427184	58.058253999999899	10315	N21
10315_93553_93553_0	10315	3	22	20193	122	12.295082000000001	93.442618999999894	10315	C22
10315_93552_93552_0	10315	4	22	20193	354	5.6497169999999901	74.858756999999898	10315	D22
10315_93551_93551_0	10315	5	22	20193	405	5.6790120000000002	64.938271	10315	E22
10315_93550_93550_0	10315	6	22	20193	437	9.1533180000000005	52.860413000000001	10315	F22
10315_93549_93549_0	10315	7	22	20193	399	5.5137840000000002	58.897243000000003	10315	G22
10315_93548_93548_0	10315	8	22	20193	435	8.0459770000000006	63.908047000000003	10315	H22
10315_93547_93547_0	10315	9	22	20193	402	23.631841999999899	73.134331000000003	10315	I22
10315_93546_93546_0	10315	10	22	20193	447	21.923936999999899	65.100669999999894	10315	J22
10315_93545_93545_0	10315	11	22	20193	520	12.692307	53.653846999999899	10315	K22
10315_93544_93544_0	10315	12	22	20193	461	9.5444689999999905	54.229934999999898	10315	L22
10315_93543_93543_0	10315	13	22	20193	419	7.8758949999999901	57.756565000000002	10315	M22
10315_93542_93542_0	10315	14	22	20193	498	10.441767	57.831325999999898	10315	N22
10323_94394_94394_0	10323	3	13	20201	1045	97.511962999999895	99.617226000000002	10323	C13
10323_94395_94395_0	10323	4	13	20201	1384	92.5578	99.783233999999894	10323	D13
10323_94396_94396_0	10323	5	13	20201	1959	48.034709999999897	99.642677000000006	10323	E13
10323_94397_94397_0	10323	6	13	20201	2818	5.4293820000000004	99.077361999999894	10323	F13
10323_94398_94398_0	10323	7	13	20201	2911	3.1604260000000002	98.832015999999896	10323	G13
10323_94399_94399_0	10323	8	13	20201	2415	2.7329189999999901	99.296065999999897	10323	H13
10323_94400_94400_0	10323	9	13	20201	996	14.457831000000001	99.698791999999898	10323	I13
10323_94401_94401_0	10323	10	13	20201	1115	18.654709	99.461883999999898	10323	J13
10323_94402_94402_0	10323	11	13	20201	1111	6.1206120000000004	99.459946000000002	10323	K13
10323_94403_94403_0	10323	12	13	20201	1666	3.6614650000000002	99.699883	10323	L13
10323_94404_94404_0	10323	13	13	20201	2394	3.592314	99.122810000000001	10323	M13
10323_94405_94405_0	10323	14	13	20201	1519	5.398288	99.736671000000001	10323	N13
10323_94417_94417_0	10323	3	14	20201	1007	97.914597000000001	99.801392000000007	10323	C14
10323_94416_94416_0	10323	4	14	20201	1413	91.790520000000001	99.716910999999897	10323	D14
10323_94415_94415_0	10323	5	14	20201	1869	44.729801000000002	99.357947999999894	10323	E14
10323_94414_94414_0	10323	6	14	20201	2618	5.118411	98.395720999999895	10323	F14
10323_94413_94413_0	10323	7	14	20201	2725	2.2752289999999902	98.678901999999894	10323	G14
10323_94412_94412_0	10323	8	14	20201	2226	2.6954180000000001	99.101523999999898	10323	H14
10323_94411_94411_0	10323	9	14	20201	950	13.789474	98.736839000000003	10323	I14
10323_94410_94410_0	10323	10	14	20201	1251	16.706634999999899	99.200637999999898	10323	J14
10323_94409_94409_0	10323	11	14	20201	1215	7.9835390000000004	99.012343999999899	10323	K14
10323_94408_94408_0	10323	12	14	20201	1893	3.2752240000000001	99.524567000000005	10323	L14
10323_94407_94407_0	10323	13	14	20201	2247	4.8064080000000002	99.599463999999898	10323	M14
10323_94406_94406_0	10323	14	14	20201	1484	4.3800540000000003	99.393531999999894	10323	N14
10323_94418_94418_0	10323	3	15	20201	949	5.1633300000000002	100	10323	C15
10323_94419_94419_0	10323	4	15	20201	1782	9.5398429999999905	99.831649999999897	10323	D15
10323_94420_94420_0	10323	5	15	20201	2192	45.392333999999899	99.452552999999895	10323	E15
10323_94421_94421_0	10323	6	15	20201	2347	14.188326	98.210480000000004	10323	F15
10323_94422_94422_0	10323	7	15	20201	2671	3.781355	97.491577000000007	10323	G15
10323_94423_94423_0	10323	8	15	20201	2353	2.1249470000000001	99.532509000000005	10323	H15
10323_94424_94424_0	10323	9	15	20201	118	7.6271190000000004	98.305083999999894	10323	I15
10323_94425_94425_0	10323	10	15	20201	85	2.3529409999999902	75.294121000000004	10323	J15
10323_94426_94426_0	10323	11	15	20201	521	3.454895	99.808059999999898	10323	K15
10323_94427_94427_0	10323	12	15	20201	387	5.6847539999999901	99.741600000000005	10323	L15
10323_94428_94428_0	10323	13	15	20201	2560	4.4921879999999899	99.648437999999899	10323	M15
10323_94429_94429_0	10323	14	15	20201	1872	4.3269229999999901	99.786323999999894	10323	N15
10323_94441_94441_0	10323	3	16	20201	783	3.57599	99.872283999999894	10323	C16
10323_94440_94440_0	10323	4	16	20201	1599	7.5672300000000003	99.624763000000002	10323	D16
10323_94439_94439_0	10323	5	16	20201	2085	41.966427000000003	99.856116999999898	10323	E16
10323_94438_94438_0	10323	6	16	20201	2659	5.7916509999999901	98.119591	10323	F16
10323_94437_94437_0	10323	7	16	20201	2603	3.4191319999999901	96.811370999999895	10323	G16
10323_94436_94436_0	10323	8	16	20201	2434	2.67050099999999	98.890716999999896	10323	H16
10323_94435_94435_0	10323	9	16	20201	1	0	100	10323	I16
10323_94434_94434_0	10323	10	16	20201	21	4.7619049999999898	90.476189000000005	10323	J16
10323_94433_94433_0	10323	11	16	20201	71	8.4507049999999904	100	10323	K16
10323_94432_94432_0	10323	12	16	20201	214	7.9439250000000001	99.532707000000002	10323	L16
10323_94431_94431_0	10323	13	16	20201	2369	3.5035880000000001	99.535667000000004	10323	M16
10323_94430_94430_0	10323	14	16	20201	2398	3.1276060000000001	99.874893	10323	N16
10323_94442_94442_0	10323	3	17	20201	1550	11.483871000000001	100	10323	C17
10323_94443_94443_0	10323	4	17	20201	1647	10.868245	99.939284999999899	10323	D17
10323_94444_94444_0	10323	5	17	20201	1814	15.4906279999999	100	10323	E17
10323_94445_94445_0	10323	6	17	20201	1979	11.0156639999999	99.898940999999894	10323	F17
10323_94446_94446_0	10323	7	17	20201	2700	2.074074	99.407409999999899	10323	G17
10323_94447_94447_0	10323	8	17	20201	2588	1.3137559999999899	98.724884000000003	10323	H17
10323_94448_94448_0	10323	9	17	20201	2689	5.3551510000000002	97.471176	10323	I17
10323_94449_94449_0	10323	10	17	20201	2549	2.8246370000000001	97.646133000000006	10323	J17
10323_94450_94450_0	10323	11	17	20201	2259	3.1872509999999901	99.734397999999899	10323	K17
10323_94451_94451_0	10323	12	17	20201	2195	0.82004600000000005	98.815490999999895	10323	L17
10323_94452_94452_0	10323	13	17	20201	2727	0.95342899999999897	98.899887000000007	10323	M17
10323_94453_94453_0	10323	14	17	20201	2312	0.82179899999999895	98.442909	10323	N17
10323_94465_94465_0	10323	3	18	20201	1364	11.1436949999999	99.926688999999897	10323	C18
10323_94464_94464_0	10323	4	18	20201	1299	8.8529630000000008	99.923018999999897	10323	D18
10323_94463_94463_0	10323	5	18	20201	1600	14.8125	100	10323	E18
10323_94462_94462_0	10323	6	18	20201	2507	8.9349819999999909	99.840446	10323	F18
10323_94461_94461_0	10323	7	18	20201	2756	1.5602320000000001	98.947754000000003	10323	G18
10323_94460_94460_0	10323	8	18	20201	2337	1.3692770000000001	99.101410000000001	10323	H18
10323_94459_94459_0	10323	9	18	20201	2496	3.926282	98.157050999999896	10323	I18
10323_94458_94458_0	10323	10	18	20201	2696	2.6335310000000001	95.771514999999894	10323	J18
10323_94457_94457_0	10323	11	18	20201	2164	2.6340110000000001	99.399260999999896	10323	K18
10323_94456_94456_0	10323	12	18	20201	1847	0.974553	97.996750000000006	10323	L18
10323_94455_94455_0	10323	13	18	20201	2379	0.54644800000000004	98.234549999999899	10323	M18
10323_94454_94454_0	10323	14	18	20201	2338	1.026518	98.545769000000007	10323	N18
10323_94466_94466_0	10323	3	19	20201	325	10.769231	100	10323	C19
10323_94467_94467_0	10323	4	19	20201	532	13.345864000000001	99.812027	10323	D19
10323_94468_94468_0	10323	5	19	20201	982	13.849287	99.898169999999894	10323	E19
10323_94469_94469_0	10323	6	19	20201	1392	5.0287360000000003	100	10323	F19
10323_94470_94470_0	10323	7	19	20201	3001	2.0992999999999902	98.333884999999896	10323	G19
10323_94471_94471_0	10323	8	19	20201	2700	2.0370370000000002	98.740737999999894	10323	H19
10323_94472_94472_0	10323	9	19	20201	2629	3.9939140000000002	96.995056000000005	10323	I19
10323_94473_94473_0	10323	10	19	20201	2439	4.4280439999999901	99.056991999999894	10323	J19
10323_94474_94474_0	10323	11	19	20201	2371	2.235344	98.903419	10323	K19
10323_94475_94475_0	10323	12	19	20201	1955	2.6086960000000001	98.772377000000006	10323	L19
10323_94476_94476_0	10323	13	19	20201	2265	1.898455	98.322295999999895	10323	M19
10323_94477_94477_0	10323	14	19	20201	2011	0.64644500000000005	98.607658000000001	10323	N19
10323_94489_94489_0	10323	3	20	20201	165	7.8787880000000001	100	10323	C20
10323_94488_94488_0	10323	4	20	20201	396	5.555555	99.747474999999895	10323	D20
10323_94487_94487_0	10323	5	20	20201	580	9.137931	99.482758000000004	10323	E20
10323_94486_94486_0	10323	6	20	20201	1180	4.4915260000000004	99.915253000000007	10323	F20
10323_94485_94485_0	10323	7	20	20201	2259	1.992032	99.026115000000004	10323	G20
10323_94484_94484_0	10323	8	20	20201	2254	1.020408	98.358474999999899	10323	H20
10323_94483_94483_0	10323	9	20	20201	2006	2.8913259999999901	98.404785000000004	10323	I20
10323_94482_94482_0	10323	10	20	20201	2298	2.8285469999999902	98.389908000000005	10323	J20
10323_94481_94481_0	10323	11	20	20201	2607	18.910625	99.117760000000004	10323	K20
10323_94480_94480_0	10323	12	20	20201	2650	1.0566040000000001	98.792450000000002	10323	L20
10323_94479_94479_0	10323	13	20	20201	2364	1.4805410000000001	98.730964999999898	10323	M20
10323_94478_94478_0	10323	14	20	20201	1392	1.7959769999999899	99.209770000000006	10323	N20
10323_94490_94490_0	10323	3	21	20201	313	34.824280000000002	99.680510999999896	10323	C21
10323_94491_94491_0	10323	4	21	20201	245	24.489795999999899	100	10323	D21
10323_94492_94492_0	10323	5	21	20201	1113	8.0862529999999904	99.101523999999898	10323	E21
10323_94493_94493_0	10323	6	21	20201	2090	2.0574159999999901	99.090912000000003	10323	F21
10323_94494_94494_0	10323	7	21	20201	2517	0.99324599999999896	98.569725000000005	10323	G21
10323_94495_94495_0	10323	8	21	20201	2210	2.8959280000000001	99.140274000000005	10323	H21
10323_94496_94496_0	10323	9	21	20201	1667	31.673666000000001	99.820037999999897	10323	I21
10323_94497_94497_0	10323	10	21	20201	2100	44.047618999999898	99.714286999999899	10323	J21
10323_94498_94498_0	10323	11	21	20201	2310	18.225109	99.740257	10323	K21
10323_94499_94499_0	10323	12	21	20201	2223	2.2492130000000001	98.920379999999895	10323	L21
10323_94500_94500_0	10323	13	21	20201	1822	2.3051590000000002	99.451149000000001	10323	M21
10323_94501_94501_0	10323	14	21	20201	1165	1.7167380000000001	99.484977999999899	10323	N21
10323_94513_94513_0	10323	3	22	20201	681	35.682819000000002	99.559471000000002	10323	C22
10323_94512_94512_0	10323	4	22	20201	362	29.281769000000001	99.723754999999898	10323	D22
10323_94511_94511_0	10323	5	22	20201	1317	9.4912679999999892	99.620345999999898	10323	E22
10323_94510_94510_0	10323	6	22	20201	2131	4.1764429999999901	98.920692000000003	10323	F22
10323_94509_94509_0	10323	7	22	20201	2218	1.623084	98.963027999999895	10323	G22
10323_94508_94508_0	10323	8	22	20201	2390	2.0083679999999902	99.456069999999897	10323	H22
10323_94507_94507_0	10323	9	22	20201	1714	42.473747000000003	99.883315999999894	10323	I22
10323_94506_94506_0	10323	10	22	20201	2465	45.436104	99.878296000000006	10323	J22
10323_94505_94505_0	10323	11	22	20201	2583	18.0797519999999	99.767714999999896	10323	K22
10323_94504_94504_0	10323	12	22	20201	1857	4.6311249999999902	99.461494000000002	10323	L22
10323_94503_94503_0	10323	13	22	20201	2087	2.2041210000000002	99.520843999999897	10323	M22
10323_94502_94502_0	10323	14	22	20201	2000	1.8	98.800003000000004	10323	N22
10325_94634_94634_0	10325	3	13	20203	112	88.392859999999899	92.857140000000001	10325	C13
10325_94635_94635_0	10325	4	13	20203	118	94.067795000000004	96.610168000000002	10325	D13
10325_94636_94636_0	10325	5	13	20203	323	91.640868999999896	98.452010999999899	10325	E13
10325_94637_94637_0	10325	6	13	20203	791	73.830596999999898	93.2996219999999	10325	F13
10325_94638_94638_0	10325	7	13	20203	2071	0.96571700000000005	73.684212000000002	10325	G13
10325_94639_94639_0	10325	8	13	20203	1881	0.95693799999999896	63.583199	10325	H13
10325_94640_94640_0	10325	9	13	20203	628	9.8726109999999903	96.178344999999894	10325	I13
10325_94641_94641_0	10325	10	13	20203	598	9.5317729999999905	90.301002999999895	10325	J13
10325_94642_94642_0	10325	11	13	20203	987	3.3434650000000001	87.639313000000001	10325	K13
10325_94643_94643_0	10325	12	13	20203	1276	1.5673980000000001	43.260188999999897	10325	L13
10325_94644_94644_0	10325	13	13	20203	1945	0.925449999999999	59.948585999999899	10325	M13
10325_94645_94645_0	10325	14	13	20203	1518	1.383399	65.019760000000005	10325	N13
10325_94657_94657_0	10325	3	14	20203	83	96.385543999999896	100	10325	C14
10325_94656_94656_0	10325	4	14	20203	146	91.095894000000001	99.315071000000003	10325	D14
10325_94655_94655_0	10325	5	14	20203	467	88.436829000000003	97.644538999999895	10325	E14
10325_94654_94654_0	10325	6	14	20203	1118	70.393562000000003	87.030411000000001	10325	F14
10325_94653_94653_0	10325	7	14	20203	2201	0.90867799999999899	62.607906	10325	G14
10325_94652_94652_0	10325	8	14	20203	1952	1.383197	55.891392000000003	10325	H14
10325_94651_94651_0	10325	9	14	20203	803	10.958904	91.158157000000003	10325	I14
10325_94650_94650_0	10325	10	14	20203	839	5.4827180000000002	89.511322000000007	10325	J14
10325_94649_94649_0	10325	11	14	20203	800	2.75	85.5	10325	K14
10325_94648_94648_0	10325	12	14	20203	1204	1.495017	41.9435229999999	10325	L14
10325_94647_94647_0	10325	13	14	20203	1980	0.65656599999999898	68.535354999999896	10325	M14
10325_94646_94646_0	10325	14	14	20203	2167	0.599908	66.958931000000007	10325	N14
10325_94658_94658_0	10325	3	15	20203	1037	1.44648	40.694308999999897	10325	C15
10325_94659_94659_0	10325	4	15	20203	1088	2.4816180000000001	58.363971999999897	10325	D15
10325_94660_94660_0	10325	5	15	20203	1166	7.80445999999999	88.421959000000001	10325	E15
10325_94661_94661_0	10325	6	15	20203	1236	3.8025890000000002	76.618126000000004	10325	F15
10325_94662_94662_0	10325	7	15	20203	1467	1.4314929999999899	70.620316000000003	10325	G15
10325_94663_94663_0	10325	8	15	20203	1808	1.272124	58.462390999999897	10325	H15
10325_94664_94664_0	10325	9	15	20203	41	2.4390239999999901	87.804878000000002	10325	I15
10325_94665_94665_0	10325	10	15	20203	91	5.4945050000000002	67.0329669999999	10325	J15
10325_94666_94666_0	10325	11	15	20203	136	2.941176	70.588234	10325	K15
10325_94667_94667_0	10325	12	15	20203	95	3.1578949999999901	93.684212000000002	10325	L15
10325_94668_94668_0	10325	13	15	20203	1857	0.37695200000000001	80.344643000000005	10325	M15
10325_94669_94669_0	10325	14	15	20203	2222	1.215122	73.132317	10325	N15
10325_94681_94681_0	10325	3	16	20203	1210	0.90909099999999898	39.256199000000002	10325	C16
10325_94680_94680_0	10325	4	16	20203	1337	2.617801	57.816006000000002	10325	D16
10325_94679_94679_0	10325	5	16	20203	1146	7.1553230000000001	83.769630000000006	10325	E16
10325_94678_94678_0	10325	6	16	20203	1203	3.4912719999999902	80.133003000000002	10325	F16
10325_94677_94677_0	10325	7	16	20203	1638	1.3431010000000001	76.678878999999895	10325	G16
10325_94676_94676_0	10325	8	16	20203	1799	0.77820999999999896	55.308506000000001	10325	H16
10325_94675_94675_0	10325	9	16	20203	32	3.125	62.5	10325	I16
10325_94674_94674_0	10325	10	16	20203	59	8.4745760000000008	77.966103000000004	10325	J16
10325_94673_94673_0	10325	11	16	20203	56	7.1428570000000002	60.714286999999899	10325	K16
10325_94672_94672_0	10325	12	16	20203	163	5.5214720000000002	85.889572000000001	10325	L16
10325_94671_94671_0	10325	13	16	20203	1721	0.34863499999999897	79.023826999999898	10325	M16
10325_94670_94670_0	10325	14	16	20203	2073	1.0130250000000001	75.349731000000006	10325	N16
10325_94682_94682_0	10325	3	17	20203	1417	13.479181000000001	95.906845000000004	10325	C17
10325_94683_94683_0	10325	4	17	20203	1437	10.160056000000001	94.989563000000004	10325	D17
10325_94684_94684_0	10325	5	17	20203	1673	16.7364029999999	92.946799999999897	10325	E17
10325_94685_94685_0	10325	6	17	20203	1658	16.1640529999999	90.772011000000006	10325	F17
10325_94686_94686_0	10325	7	17	20203	1914	4.4932080000000001	72.257050000000007	10325	G17
10325_94687_94687_0	10325	8	17	20203	2002	0.64935100000000001	66.033966000000007	10325	H17
10325_94688_94688_0	10325	9	17	20203	869	34.062140999999897	74.913696000000002	10325	I17
10325_94689_94689_0	10325	10	17	20203	2051	4.6318869999999901	42.077033999999898	10325	J17
10325_94690_94690_0	10325	11	17	20203	1964	1.6293280000000001	66.395111	10325	K17
10325_94691_94691_0	10325	12	17	20203	1995	0.50125299999999895	69.824562	10325	L17
10325_94692_94692_0	10325	13	17	20203	2008	0.64741000000000004	66.583663999999899	10325	M17
10325_94693_94693_0	10325	14	17	20203	1959	0.51046499999999895	48.698315000000001	10325	N17
10325_94705_94705_0	10325	3	18	20203	1237	11.96443	96.604691000000003	10325	C18
10325_94704_94704_0	10325	4	18	20203	1641	13.162705000000001	92.443634000000003	10325	D18
10325_94703_94703_0	10325	5	18	20203	1796	15.701559	93.652564999999896	10325	E18
10325_94702_94702_0	10325	6	18	20203	1776	13.11937	90.709457	10325	F18
10325_94701_94701_0	10325	7	18	20203	2070	4.5410630000000003	67.149756999999894	10325	G18
10325_94700_94700_0	10325	8	18	20203	2221	0.49527199999999899	61.999099999999899	10325	H18
10325_94699_94699_0	10325	9	18	20203	870	39.080460000000002	77.701149000000001	10325	I18
10325_94698_94698_0	10325	10	18	20203	2200	3	34.818179999999899	10325	J18
10325_94697_94697_0	10325	11	18	20203	2138	0.84190799999999899	70.299346999999898	10325	K18
10325_94696_94696_0	10325	12	18	20203	2205	0.58956900000000001	56.145125999999898	10325	L18
10325_94695_94695_0	10325	13	18	20203	1845	0.92140900000000003	57.073169999999898	10325	M18
10325_94694_94694_0	10325	14	18	20203	1734	0.86505200000000004	58.016148000000001	10325	N18
10325_94706_94706_0	10325	3	19	20203	17	5.8823530000000002	100	10325	C19
10325_94707_94707_0	10325	4	19	20203	14	7.1428570000000002	92.857140000000001	10325	D19
10325_94708_94708_0	10325	5	19	20203	83	7.2289159999999901	87.951804999999894	10325	E19
10325_94709_94709_0	10325	6	19	20203	228	2.6315789999999901	66.228072999999895	10325	F19
10325_94710_94710_0	10325	7	19	20203	123	0.81300799999999895	97.560974000000002	10325	G19
10325_94711_94711_0	10325	8	19	20203	2127	0.65820400000000001	68.641281000000006	10325	H19
10325_94712_94712_0	10325	9	19	20203	1544	3.10880799999999	65.090675000000005	10325	I19
10325_94713_94713_0	10325	10	19	20203	1716	1.107226	69.463866999999894	10325	J19
10325_94714_94714_0	10325	11	19	20203	2164	0.92421399999999898	64.787430000000001	10325	K19
10325_94715_94715_0	10325	12	19	20203	2257	0.62029199999999896	71.289321999999899	10325	L19
10325_94716_94716_0	10325	13	19	20203	1910	0.837696	57.3298419999999	10325	M19
10325_94717_94717_0	10325	14	19	20203	1622	1.1097410000000001	70.591865999999897	10325	N19
10325_94729_94729_0	10325	3	20	20203	19	0	100	10325	C20
10325_94728_94728_0	10325	4	20	20203	72	4.1666670000000003	94.444443000000007	10325	D20
10325_94727_94727_0	10325	5	20	20203	217	1.843318	88.018433000000002	10325	E20
10325_94726_94726_0	10325	6	20	20203	386	2.8497409999999901	73.575126999999895	10325	F20
10325_94725_94725_0	10325	7	20	20203	244	1.6393439999999899	89.754097000000002	10325	G20
10325_94724_94724_0	10325	8	20	20203	1840	0.76087000000000005	61.521740000000001	10325	H20
10325_94723_94723_0	10325	9	20	20203	1428	1.540616	62.535015000000001	10325	I20
10325_94722_94722_0	10325	10	20	20203	1560	1.025641	62.756408999999898	10325	J20
10325_94721_94721_0	10325	11	20	20203	2027	1.23334999999999	69.116919999999894	10325	K20
10325_94720_94720_0	10325	12	20	20203	2074	1.157184	68.129219000000006	10325	L20
10325_94719_94719_0	10325	13	20	20203	1726	0.92699900000000002	62.746234999999899	10325	M20
10325_94718_94718_0	10325	14	20	20203	1709	1.053248	55.705089999999899	10325	N20
10325_94730_94730_0	10325	3	21	20203	718	7.52089099999999	95.125350999999895	10325	C21
10325_94731_94731_0	10325	4	21	20203	866	1.270208	82.794455999999897	10325	D21
10325_94732_94732_0	10325	5	21	20203	1170	1.4529909999999899	83.333336000000003	10325	E21
10325_94733_94733_0	10325	6	21	20203	1604	0.31172100000000003	62.593516999999899	10325	F21
10325_94734_94734_0	10325	7	21	20203	1874	0.74706499999999898	53.148345999999897	10325	G21
10325_94735_94735_0	10325	8	21	20203	2048	1.0253909999999899	53.222656000000001	10325	H21
10325_94736_94736_0	10325	9	21	20203	1879	28.685471	91.8041529999999	10325	I21
10325_94737_94737_0	10325	10	21	20203	2118	4.5797920000000003	78.611900000000006	10325	J21
10325_94738_94738_0	10325	11	21	20203	2000	1.8	59.450001	10325	K21
10325_94739_94739_0	10325	12	21	20203	1831	0.70999500000000004	56.854179000000002	10325	L21
10325_94740_94740_0	10325	13	21	20203	1941	1.2364759999999899	67.800101999999896	10325	M21
10325_94741_94741_0	10325	14	21	20203	1667	1.0197959999999899	62.207557999999899	10325	N21
10325_94753_94753_0	10325	3	22	20203	63	1.587302	87.301590000000004	10325	C22
10325_94752_94752_0	10325	4	22	20203	458	0.43668099999999899	88.427948000000001	10325	D22
10325_94751_94751_0	10325	5	22	20203	562	1.957295	83.274024999999895	10325	E22
10325_94750_94750_0	10325	6	22	20203	1405	0.42704599999999898	62.135230999999898	10325	F22
10325_94749_94749_0	10325	7	22	20203	1468	0.81743900000000003	48.365124000000002	10325	G22
10325_94748_94748_0	10325	8	22	20203	1679	1.8463369999999899	48.779034000000003	10325	H22
10325_94747_94747_0	10325	9	22	20203	1546	30.012937999999899	90.685637999999898	10325	I22
10325_94746_94746_0	10325	10	22	20203	1758	4.3230940000000002	67.747437000000005	10325	J22
10325_94745_94745_0	10325	11	22	20203	1810	2.3756910000000002	62.707183999999899	10325	K22
10325_94744_94744_0	10325	12	22	20203	1760	0.79545500000000002	52.897728000000001	10325	L22
10325_94743_94743_0	10325	13	22	20203	1451	0.82701599999999897	61.750515	10325	M22
10325_94742_94742_0	10325	14	22	20203	1889	1.3234520000000001	70.8311309999999	10325	N22
10327_94874_94874_0	10327	3	13	20205	342	77.777778999999896	65.497078000000002	10327	C13
10327_94875_94875_0	10327	4	13	20205	596	88.590607000000006	76.006714000000002	10327	D13
10327_94876_94876_0	10327	5	13	20205	1184	11.402027	37.331080999999898	10327	E13
10327_94877_94877_0	10327	6	13	20205	1322	0.45385799999999898	26.626324	10327	F13
10327_94878_94878_0	10327	7	13	20205	1395	0.43010799999999899	30.394265999999899	10327	G13
10327_94879_94879_0	10327	8	13	20205	1345	0.89219300000000001	29.665427999999899	10327	H13
10327_94880_94880_0	10327	9	13	20205	969	3.508772	64.396286000000003	10327	I13
10327_94881_94881_0	10327	10	13	20205	972	4.5267489999999899	62.7572019999999	10327	J13
10327_94882_94882_0	10327	11	13	20205	1051	1.9029499999999899	31.969553000000001	10327	K13
10327_94883_94883_0	10327	12	13	20205	762	1.968504	45.013123	10327	L13
10327_94884_94884_0	10327	13	13	20205	1159	0.94909399999999899	27.868853000000001	10327	M13
10327_94885_94885_0	10327	14	13	20205	767	1.69491499999999	31.681877	10327	N13
10327_94897_94897_0	10327	3	14	20205	335	78.208954000000006	75.522385	10327	C14
10327_94896_94896_0	10327	4	14	20205	732	87.568306000000007	68.442618999999894	10327	D14
10327_94895_94895_0	10327	5	14	20205	1152	13.368055	32.465279000000002	10327	E14
10327_94894_94894_0	10327	6	14	20205	1264	0.632911	20.4113919999999	10327	F14
10327_94893_94893_0	10327	7	14	20205	1239	0.80710300000000001	24.213076000000001	10327	G14
10327_94892_94892_0	10327	8	14	20205	1485	1.0774410000000001	27.542088	10327	H14
10327_94891_94891_0	10327	9	14	20205	978	3.067485	57.975459999999899	10327	I14
10327_94890_94890_0	10327	10	14	20205	1074	3.1657350000000002	47.486033999999897	10327	J14
10327_94889_94889_0	10327	11	14	20205	1115	2.6905830000000002	41.704037	10327	K14
10327_94888_94888_0	10327	12	14	20205	755	1.4569540000000001	29.139071999999899	10327	L14
10327_94887_94887_0	10327	13	14	20205	942	1.1677280000000001	29.087049	10327	M14
10327_94886_94886_0	10327	14	14	20205	714	2.6610640000000001	33.753501999999898	10327	N14
10327_94898_94898_0	10327	3	15	20205	535	1.308411	43.177570000000003	10327	C15
10327_94899_94899_0	10327	4	15	20205	901	0.88790199999999897	51.165371	10327	D15
10327_94900_94900_0	10327	5	15	20205	1098	1.82149399999999	35.792350999999897	10327	E15
10327_94901_94901_0	10327	6	15	20205	1094	1.462523	31.718464000000001	10327	F15
10327_94902_94902_0	10327	7	15	20205	1180	0.50847500000000001	19.576270999999899	10327	G15
10327_94903_94903_0	10327	8	15	20205	1312	2.2865850000000001	29.496952	10327	H15
10327_94904_94904_0	10327	9	15	20205	526	0.57034200000000002	76.425858000000005	10327	I15
10327_94905_94905_0	10327	10	15	20205	324	1.54321	86.111114999999899	10327	J15
10327_94906_94906_0	10327	11	15	20205	687	1.4556039999999899	82.678314	10327	K15
10327_94907_94907_0	10327	12	15	20205	313	0.95846600000000004	81.789139000000006	10327	L15
10327_94908_94908_0	10327	13	15	20205	945	0.84656100000000001	28.3597889999999	10327	M15
10327_94909_94909_0	10327	14	15	20205	654	1.6819569999999899	34.2507629999999	10327	N15
10327_94921_94921_0	10327	3	16	20205	485	0.61855700000000002	43.298969	10327	C16
10327_94920_94920_0	10327	4	16	20205	961	1.3527579999999899	48.491154000000002	10327	D16
10327_94919_94919_0	10327	5	16	20205	1172	1.6211599999999899	37.030715999999899	10327	E16
10327_94918_94918_0	10327	6	16	20205	1229	1.0577700000000001	30.268511	10327	F16
10327_94917_94917_0	10327	7	16	20205	1141	1.4022790000000001	39.614372000000003	10327	G16
10327_94916_94916_0	10327	8	16	20205	1495	1.404682	23.210702999999899	10327	H16
10327_94915_94915_0	10327	9	16	20205	215	2.3255810000000001	84.186042999999898	10327	I16
10327_94914_94914_0	10327	10	16	20205	493	1.419878	81.135902000000002	10327	J16
10327_94913_94913_0	10327	11	16	20205	378	0.52910100000000004	83.333336000000003	10327	K16
10327_94912_94912_0	10327	12	16	20205	587	1.192504	84.497444000000002	10327	L16
10327_94911_94911_0	10327	13	16	20205	811	1.47965499999999	47.718864000000004	10327	M16
10327_94910_94910_0	10327	14	16	20205	738	0.94850999999999897	27.235772999999899	10327	N16
10327_94922_94922_0	10327	3	17	20205	689	7.5471700000000004	80.841797	10327	C17
10327_94923_94923_0	10327	4	17	20205	707	12.588402	80.198020999999898	10327	D17
10327_94924_94924_0	10327	5	17	20205	1260	4.6031750000000002	79.920631	10327	E17
10327_94925_94925_0	10327	6	17	20205	1316	19.75684	59.19453	10327	F17
10327_94926_94926_0	10327	7	17	20205	1495	1.137124	32.842807999999899	10327	G17
10327_94927_94927_0	10327	8	17	20205	1267	1.7363850000000001	49.486977000000003	10327	H17
10327_94928_94928_0	10327	9	17	20205	1259	96.664017000000001	50.8339959999999	10327	I17
10327_94929_94929_0	10327	10	17	20205	1307	4.5141539999999996	36.725327	10327	J17
10327_94930_94930_0	10327	11	17	20205	1197	1.4202170000000001	33.249789999999898	10327	K17
10327_94931_94931_0	10327	12	17	20205	1244	2.009646	38.665596000000001	10327	L17
10327_94932_94932_0	10327	13	17	20205	1202	0.998336	29.367719999999899	10327	M17
10327_94933_94933_0	10327	14	17	20205	555	2.8828830000000001	32.612614000000001	10327	N17
10327_94945_94945_0	10327	3	18	20205	516	7.5581389999999899	79.844963000000007	10327	C18
10327_94944_94944_0	10327	4	18	20205	846	8.5106380000000001	78.723404000000002	10327	D18
10327_94943_94943_0	10327	5	18	20205	1151	11.7289309999999	73.935706999999894	10327	E18
10327_94942_94942_0	10327	6	18	20205	1445	13.7716259999999	63.737022000000003	10327	F18
10327_94941_94941_0	10327	7	18	20205	1534	0.91264699999999899	41.655804000000003	10327	G18
10327_94940_94940_0	10327	8	18	20205	1614	0.99132600000000004	31.226766999999899	10327	H18
10327_94939_94939_0	10327	9	18	20205	1103	93.472351000000003	59.202174999999897	10327	I18
10327_94938_94938_0	10327	10	18	20205	1244	4.9839229999999901	33.199356000000002	10327	J18
10327_94937_94937_0	10327	11	18	20205	1014	1.577909	38.658774999999899	10327	K18
10327_94936_94936_0	10327	12	18	20205	1391	1.0783609999999899	21.926672	10327	L18
10327_94935_94935_0	10327	13	18	20205	1195	1.589958	35.899582000000002	10327	M18
10327_94934_94934_0	10327	14	18	20205	667	2.098951	32.233882999999899	10327	N18
10327_94946_94946_0	10327	3	19	20205	364	1.0989009999999899	60.714286999999899	10327	C19
10327_94947_94947_0	10327	4	19	20205	283	4.5936389999999898	61.837456000000003	10327	D19
10327_94948_94948_0	10327	5	19	20205	840	3.92857099999999	65.357140000000001	10327	E19
10327_94949_94949_0	10327	6	19	20205	940	3.2978719999999901	50.106383999999899	10327	F19
10327_94950_94950_0	10327	7	19	20205	1522	0.59132700000000005	20.630749000000002	10327	G19
10327_94951_94951_0	10327	8	19	20205	1424	2.1769660000000002	43.820225000000001	10327	H19
10327_94952_94952_0	10327	9	19	20205	1442	1.733703	30.998612999999899	10327	I19
10327_94953_94953_0	10327	10	19	20205	1318	1.8968130000000001	41.198788	10327	J19
10327_94954_94954_0	10327	11	19	20205	1282	1.2480500000000001	31.591263000000001	10327	K19
10327_94955_94955_0	10327	12	19	20205	989	2.224469	41.1526789999999	10327	L19
10327_94956_94956_0	10327	13	19	20205	1061	2.0735160000000001	27.5212059999999	10327	M19
10327_94957_94957_0	10327	14	19	20205	484	3.512397	40.909092000000001	10327	N19
10327_94969_94969_0	10327	3	20	20205	293	5.8020480000000001	58.361773999999897	10327	C20
10327_94968_94968_0	10327	4	20	20205	586	5.972696	60.9215009999999	10327	D20
10327_94967_94967_0	10327	5	20	20205	742	3.0997300000000001	58.221024	10327	E20
10327_94966_94966_0	10327	6	20	20205	965	6.52849699999999	37.823833	10327	F20
10327_94965_94965_0	10327	7	20	20205	1269	2.0488569999999902	26.3199369999999	10327	G20
10327_94964_94964_0	10327	8	20	20205	1440	0.97222200000000003	29.236111000000001	10327	H20
10327_94963_94963_0	10327	9	20	20205	995	4.22110599999999	50.150753000000002	10327	I20
10327_94962_94962_0	10327	10	20	20205	1207	1.077051	25.517813	10327	J20
10327_94961_94961_0	10327	11	20	20205	1090	3.027523	40.642200000000003	10327	K20
10327_94960_94960_0	10327	12	20	20205	1017	1.376598	28.908553999999899	10327	L20
10327_94959_94959_0	10327	13	20	20205	718	0.97492999999999896	36.490250000000003	10327	M20
10327_94958_94958_0	10327	14	20	20205	933	2.5723470000000002	47.374062000000002	10327	N20
10327_94970_94970_0	10327	3	21	20205	342	4.3859649999999899	69.298248000000001	10327	C21
10327_94971_94971_0	10327	4	21	20205	248	3.629032	68.548385999999894	10327	D21
10327_94972_94972_0	10327	5	21	20205	839	1.3110850000000001	75.327774000000005	10327	E21
10327_94973_94973_0	10327	6	21	20205	1054	1.2333970000000001	51.043644	10327	F21
10327_94974_94974_0	10327	7	21	20205	1146	0.43630000000000002	36.823734000000002	10327	G21
10327_94975_94975_0	10327	8	21	20205	1117	5.4610560000000001	37.8692929999999	10327	H21
10327_94976_94976_0	10327	9	21	20205	599	25.542570000000001	74.457427999999894	10327	I21
10327_94977_94977_0	10327	10	21	20205	1023	49.853371000000003	82.893448000000006	10327	J21
10327_94978_94978_0	10327	11	21	20205	1206	15.2570479999999	28.109452999999899	10327	K21
10327_94979_94979_0	10327	12	21	20205	881	4.1997730000000004	35.754826000000001	10327	L21
10327_94980_94980_0	10327	13	21	20205	778	1.7994859999999899	29.048843000000002	10327	M21
10327_94981_94981_0	10327	14	21	20205	635	2.9921259999999901	40.787402999999898	10327	N21
10327_94993_94993_0	10327	3	22	20205	178	7.3033710000000003	70.224716000000001	10327	C22
10327_94992_94992_0	10327	4	22	20205	450	2.4444439999999901	73.333336000000003	10327	D22
10327_94991_94991_0	10327	5	22	20205	834	2.6378900000000001	60.071941000000002	10327	E22
10327_94990_94990_0	10327	6	22	20205	1136	2.90492999999999	56.514083999999897	10327	F22
10327_94989_94989_0	10327	7	22	20205	839	2.50298	52.562576	10327	G22
10327_94988_94988_0	10327	8	22	20205	1029	1.4577260000000001	29.251701000000001	10327	H22
10327_94987_94987_0	10327	9	22	20205	387	43.152453999999899	71.059432999999899	10327	I22
10327_94986_94986_0	10327	10	22	20205	956	49.267783999999899	80.648537000000005	10327	J22
10327_94985_94985_0	10327	11	22	20205	872	22.706423000000001	49.655963999999898	10327	K22
10327_94984_94984_0	10327	12	22	20205	828	2.05314	28.5024149999999	10327	L22
10327_94983_94983_0	10327	13	22	20205	670	2.9850750000000001	41.641792000000002	10327	M22
10327_94982_94982_0	10327	14	22	20205	758	3.2981530000000001	30.343008000000001	10327	N22
10351_99342_99342_0	10351	3	13	20229	2316	61.873919999999899	99.697754000000003	10351	C13
10351_99343_99343_0	10351	4	13	20229	1471	11.964650000000001	99.728072999999895	10351	D13
10351_99344_99344_0	10351	5	13	20229	3379	7.1618820000000003	99.615273000000002	10351	E13
10351_99345_99345_0	10351	6	13	20229	2343	0.29876200000000003	88.006827999999899	10351	F13
10351_99346_99346_0	10351	7	13	20229	3188	0.53325	86.323715000000007	10351	G13
10351_99347_99347_0	10351	8	13	20229	2175	0.275862	90.482758000000004	10351	H13
10351_99348_99348_0	10351	9	13	20229	2463	4.0600999999999901E-2	71.132767000000001	10351	I13
10351_99349_99349_0	10351	10	13	20229	1712	0.23364499999999899	73.948600999999897	10351	J13
10351_99350_99350_0	10351	11	13	20229	2095	0.42959399999999898	89.069214000000002	10351	K13
10351_99351_99351_0	10351	12	13	20229	1813	0.44125799999999898	93.160506999999896	10351	L13
10351_99352_99352_0	10351	13	13	20229	2892	0.24204700000000001	92.600273000000001	10351	M13
10351_99353_99353_0	10351	14	13	20229	1696	0.235849	92.511795000000006	10351	N13
10351_99365_99365_0	10351	3	14	20229	1623	17.067160000000001	99.938384999999897	10351	C14
10351_99364_99364_0	10351	4	14	20229	1498	7.2763689999999901	99.599463999999898	10351	D14
10351_99363_99363_0	10351	5	14	20229	2153	5.062703	99.721321000000003	10351	E14
10351_99362_99362_0	10351	6	14	20229	1880	0.37234	93.297873999999894	10351	F14
10351_99361_99361_0	10351	7	14	20229	2338	0.342173	85.585967999999895	10351	G14
10351_99360_99360_0	10351	8	14	20229	2128	0.14097699999999899	82.847747999999896	10351	H14
10351_99359_99359_0	10351	9	14	20229	2136	9.3632999999999897E-2	71.161049000000006	10351	I14
10351_99358_99358_0	10351	10	14	20229	1671	0.179533	68.222617999999898	10351	J14
10351_99357_99357_0	10351	11	14	20229	1979	0.35371399999999897	91.258208999999894	10351	K14
10351_99356_99356_0	10351	12	14	20229	1909	0.209534	91.932952999999898	10351	L14
10351_99355_99355_0	10351	13	14	20229	2259	0.35413899999999898	96.591414999999898	10351	M14
10351_99354_99354_0	10351	14	14	20229	2029	0.34499800000000003	93.445044999999894	10351	N14
10351_99366_99366_0	10351	3	15	20229	1505	0.19933600000000001	95.348838999999899	10351	C15
10351_99367_99367_0	10351	4	15	20229	1547	6.4641000000000004E-2	86.8131869999999	10351	D15
10351_99368_99368_0	10351	5	15	20229	1858	0.80732000000000004	95.640472000000003	10351	E15
10351_99369_99369_0	10351	6	15	20229	1882	0.21254000000000001	92.986182999999897	10351	F15
10351_99370_99370_0	10351	7	15	20229	2440	0.20491799999999899	83.934425000000005	10351	G15
10351_99371_99371_0	10351	8	15	20229	2371	0.16870499999999899	82.918602000000007	10351	H15
10351_99372_99372_0	10351	9	15	20229	1633	0.18371100000000001	99.693816999999896	10351	I15
10351_99373_99373_0	10351	10	15	20229	1462	0.136799	99.658005000000003	10351	J15
10351_99374_99374_0	10351	11	15	20229	1813	0.55157199999999895	99.448425	10351	K15
10351_99375_99375_0	10351	12	15	20229	1527	0.13097600000000001	98.362801000000005	10351	L15
10351_99376_99376_0	10351	13	15	20229	2069	0.19333	97.196715999999896	10351	M15
10351_99377_99377_0	10351	14	15	20229	1764	0.22675699999999899	92.176872000000003	10351	N15
10351_99389_99389_0	10351	3	16	20229	1431	6.9880999999999902E-2	95.597481000000002	10351	C16
10351_99388_99388_0	10351	4	16	20229	1504	0.13297900000000001	93.151595999999898	10351	D16
10351_99387_99387_0	10351	5	16	20229	1774	1.014656	98.196167000000003	10351	E16
10351_99386_99386_0	10351	6	16	20229	1957	0.20439399999999899	91.568725999999899	10351	F16
10351_99385_99385_0	10351	7	16	20229	2055	0.53527999999999898	91.824814000000003	10351	G16
10351_99384_99384_0	10351	8	16	20229	2133	0.140646999999999	88.091887999999898	10351	H16
10351_99383_99383_0	10351	9	16	20229	1573	0.190718	99.364272999999898	10351	I16
10351_99382_99382_0	10351	10	16	20229	1920	0.15625	99.010413999999898	10351	J16
10351_99381_99381_0	10351	11	16	20229	1794	0.27870699999999898	99.275360000000006	10351	K16
10351_99380_99380_0	10351	12	16	20229	1599	0.18761700000000001	99.312072999999899	10351	L16
10351_99379_99379_0	10351	13	16	20229	2156	0.371058	96.4749529999999	10351	M16
10351_99378_99378_0	10351	14	16	20229	2004	0.499002	90.169662000000002	10351	N16
10351_99390_99390_0	10351	3	17	20229	1944	0.205761	96.193413000000007	10351	C17
10351_99391_99391_0	10351	4	17	20229	1874	5.3362E-2	98.292418999999896	10351	D17
10351_99392_99392_0	10351	5	17	20229	2072	0.82046300000000005	98.793434000000005	10351	E17
10351_99393_99393_0	10351	6	17	20229	2010	0.54726399999999897	98.507462000000004	10351	F17
10351_99394_99394_0	10351	7	17	20229	2198	0.136488	95.814376999999894	10351	G17
10351_99395_99395_0	10351	8	17	20229	2136	0.37453199999999898	92.696631999999894	10351	H17
10351_99396_99396_0	10351	9	17	20229	1838	51.632210000000001	94.885741999999894	10351	I17
10351_99397_99397_0	10351	10	17	20229	2161	9.2549999999999896E-2	70.661727999999897	10351	J17
10351_99398_99398_0	10351	11	17	20229	2173	0.230097	88.863319000000004	10351	K17
10351_99399_99399_0	10351	12	17	20229	2167	0.369174	89.247810000000001	10351	L17
10351_99400_99400_0	10351	13	17	20229	2013	0.34773999999999899	90.809737999999896	10351	M17
10351_99401_99401_0	10351	14	17	20229	2006	0.34895300000000001	92.472579999999894	10351	N17
10351_99413_99413_0	10351	3	18	20229	1756	0.170842999999999	97.779044999999897	10351	C18
10351_99412_99412_0	10351	4	18	20229	2164	0.41589599999999899	97.227356	10351	D18
10351_99411_99411_0	10351	5	18	20229	1882	1.115834	96.439957000000007	10351	E18
10351_99410_99410_0	10351	6	18	20229	2037	0.49091800000000002	97.349045000000004	10351	F18
10351_99409_99409_0	10351	7	18	20229	1938	0.51599600000000001	93.653251999999895	10351	G18
10351_99408_99408_0	10351	8	18	20229	2305	0.43383899999999898	90.585685999999896	10351	H18
10351_99407_99407_0	10351	9	18	20229	1838	60.446136000000003	96.626769999999894	10351	I18
10351_99406_99406_0	10351	10	18	20229	2077	0.33702500000000002	80.934036000000006	10351	J18
10351_99405_99405_0	10351	11	18	20229	2468	0.48622399999999899	93.030792000000005	10351	K18
10351_99404_99404_0	10351	12	18	20229	2129	0.37576300000000001	85.016441	10351	L18
10351_99403_99403_0	10351	13	18	20229	2148	0.18622	93.389197999999894	10351	M18
10351_99402_99402_0	10351	14	18	20229	1725	0.57970999999999895	93.507248000000004	10351	N18
10351_99414_99414_0	10351	3	19	20229	1495	0.20066899999999899	97.324416999999897	10351	C19
10351_99415_99415_0	10351	4	19	20229	1658	0.18094099999999899	97.527137999999894	10351	D19
10351_99416_99416_0	10351	5	19	20229	1885	0.58355400000000002	98.143234000000007	10351	E19
10351_99417_99417_0	10351	6	19	20229	2037	0.98183600000000004	96.170837000000006	10351	F19
10351_99418_99418_0	10351	7	19	20229	2182	0.27497700000000003	91.704857000000004	10351	G19
10351_99419_99419_0	10351	8	19	20229	2146	0.37278699999999898	90.587135000000004	10351	H19
10351_99420_99420_0	10351	9	19	20229	1731	0.23108000000000001	95.725014000000002	10351	I19
10351_99421_99421_0	10351	10	19	20229	2081	0	91.494476000000006	10351	J19
10351_99422_99422_0	10351	11	19	20229	2197	0.40965000000000001	91.807006999999899	10351	K19
10351_99423_99423_0	10351	12	19	20229	1850	0.54054100000000005	86.486487999999895	10351	L19
10351_99424_99424_0	10351	13	19	20229	1977	0.15174499999999899	92.210419000000002	10351	M19
10351_99425_99425_0	10351	14	19	20229	1625	0.184615	93.107688999999894	10351	N19
10351_99437_99437_0	10351	3	20	20229	1424	0.421348	96.629210999999898	10351	C20
10351_99436_99436_0	10351	4	20	20229	1742	0.516648	97.646384999999896	10351	D20
10351_99435_99435_0	10351	5	20	20229	1664	0.66105800000000003	96.09375	10351	E20
10351_99434_99434_0	10351	6	20	20229	2277	0.52700899999999895	93.324546999999896	10351	F20
10351_99433_99433_0	10351	7	20	20229	1964	0.20366600000000001	84.215889000000004	10351	G20
10351_99432_99432_0	10351	8	20	20229	1975	0.45569599999999899	85.518990000000002	10351	H20
10351_99431_99431_0	10351	9	20	20229	1915	0.20887700000000001	89.608352999999894	10351	I20
10351_99430_99430_0	10351	10	20	20229	1953	0.204813	89.605735999999894	10351	J20
10351_99429_99429_0	10351	11	20	20229	2051	0.243784	93.125304999999898	10351	K20
10351_99428_99428_0	10351	12	20	20229	2177	0.22967399999999899	89.389069000000006	10351	L20
10351_99427_99427_0	10351	13	20	20229	1886	0.15906699999999899	94.962883000000005	10351	M20
10351_99426_99426_0	10351	14	20	20229	1727	0.63694300000000004	95.309783999999894	10351	N20
10351_99438_99438_0	10351	3	21	20229	1031	0.38797300000000001	98.933075000000002	10351	C21
10351_99439_99439_0	10351	4	21	20229	1567	0.19144900000000001	97.064453	10351	D21
10351_99440_99440_0	10351	5	21	20229	1561	0.704677	92.120437999999893	10351	E21
10351_99441_99441_0	10351	6	21	20229	1841	0.271592	91.689301	10351	F21
10351_99442_99442_0	10351	7	21	20229	1884	0.106157	87.738853000000006	10351	G21
10351_99443_99443_0	10351	8	21	20229	1936	0.15495900000000001	93.595039	10351	H21
10351_99444_99444_0	10351	9	21	20229	1762	2.5539160000000001	94.040863000000002	10351	I21
10351_99445_99445_0	10351	10	21	20229	1942	0.72090600000000005	96.189498999999898	10351	J21
10351_99446_99446_0	10351	11	21	20229	2160	0.83333299999999899	93.194443000000007	10351	K21
10351_99447_99447_0	10351	12	21	20229	2173	0.41417399999999899	86.838470000000001	10351	L21
10351_99448_99448_0	10351	13	21	20229	1897	0.47443299999999899	91.512917000000002	10351	M21
10351_99449_99449_0	10351	14	21	20229	1837	0.32661899999999899	90.255852000000004	10351	N21
10351_99461_99461_0	10351	3	22	20229	973	0.10277500000000001	99.486121999999895	10351	C22
10351_99460_99460_0	10351	4	22	20229	1342	7.4515999999999902E-2	98.286140000000003	10351	D22
10351_99459_99459_0	10351	5	22	20229	1766	0.22650100000000001	96.715744000000001	10351	E22
10351_99458_99458_0	10351	6	22	20229	1628	0.12285	96.621619999999893	10351	F22
10351_99457_99457_0	10351	7	22	20229	1828	0.16411400000000001	92.396064999999894	10351	G22
10351_99456_99456_0	10351	8	22	20229	1742	5.7404999999999901E-2	88.346725000000006	10351	H22
10351_99455_99455_0	10351	9	22	20229	1652	1.089588	92.978210000000004	10351	I22
10351_99454_99454_0	10351	10	22	20229	1840	1.4673909999999899	96.902175999999898	10351	J22
10351_99453_99453_0	10351	11	22	20229	1667	0.65986800000000001	92.921417000000005	10351	K22
10351_99452_99452_0	10351	12	22	20229	1728	0.34722199999999898	91.898148000000006	10351	L22
10351_99451_99451_0	10351	13	22	20229	1892	0.15856200000000001	93.868919000000005	10351	M22
10351_99450_99450_0	10351	14	22	20229	1541	0.38935799999999898	90.071381000000002	10351	N22
10352_99462_99462_0	10352	3	13	20235	1183	26.6272179999999	98.9011	10352	C13
10352_99463_99463_0	10352	4	13	20235	2502	7.2741809999999898	90.207831999999897	10352	D13
10352_99464_99464_0	10352	5	13	20235	3130	3.2907350000000002	88.178916999999899	10352	E13
10352_99465_99465_0	10352	6	13	20235	3813	0.209809	73.852608000000004	10352	F13
10352_99466_99466_0	10352	7	13	20235	4119	2.4278000000000001E-2	79.485313000000005	10352	G13
10352_99467_99467_0	10352	8	13	20235	3942	0.20294300000000001	77.295792000000006	10352	H13
10352_99468_99468_0	10352	9	13	20235	2348	0.25553700000000001	73.126068000000004	10352	I13
10352_99469_99469_0	10352	10	13	20235	2431	0.57589500000000005	90.662277000000003	10352	J13
10352_99470_99470_0	10352	11	13	20235	2955	0.67681899999999895	95.363792000000004	10352	K13
10352_99471_99471_0	10352	12	13	20235	2520	0.83333299999999899	94.206351999999896	10352	L13
10352_99472_99472_0	10352	13	13	20235	4056	0.39447700000000002	86.070023000000006	10352	M13
10352_99473_99473_0	10352	14	13	20235	3595	0.38943	94.019469999999899	10352	N13
10352_99485_99485_0	10352	3	14	20235	924	23.484848	98.160172000000003	10352	C14
10352_99484_99484_0	10352	4	14	20235	1991	3.16423899999999	82.169762000000006	10352	D14
10352_99483_99483_0	10352	5	14	20235	2967	1.145939	59.925849999999897	10352	E14
10352_99482_99482_0	10352	6	14	20235	3899	0.205181	55.142344999999899	10352	F14
10352_99481_99481_0	10352	7	14	20235	4069	0	53.919884000000003	10352	G14
10352_99480_99480_0	10352	8	14	20235	4093	0	62.350352999999899	10352	H14
10352_99479_99479_0	10352	9	14	20235	2458	8.1366999999999898E-2	57.526443	10352	I14
10352_99478_99478_0	10352	10	14	20235	2427	0.16481299999999899	75.484138000000002	10352	J14
10352_99477_99477_0	10352	11	14	20235	2555	0.27397300000000002	92.602737000000005	10352	K14
10352_99476_99476_0	10352	12	14	20235	2670	7.4906E-2	85.280899000000005	10352	L14
10352_99475_99475_0	10352	13	14	20235	3777	0.37066500000000002	86.020652999999896	10352	M14
10352_99474_99474_0	10352	14	14	20235	3297	0.42462800000000001	93.691231000000002	10352	N14
10352_99486_99486_0	10352	3	15	20235	2071	0.43457299999999899	42.926121000000002	10352	C15
10352_99487_99487_0	10352	4	15	20235	2784	0.57471300000000003	28.987068000000001	10352	D15
10352_99488_99488_0	10352	5	15	20235	2909	1.23753899999999	45.995185999999897	10352	E15
10352_99489_99489_0	10352	6	15	20235	3068	0.32594499999999899	62.777054	10352	F15
10352_99490_99490_0	10352	7	15	20235	3235	0.21638299999999899	45.471404999999898	10352	G15
10352_99491_99491_0	10352	8	15	20235	4168	9.5968999999999902E-2	55.662188999999898	10352	H15
10352_99492_99492_0	10352	9	15	20235	2461	1.7472570000000001	94.920760999999899	10352	I15
10352_99493_99493_0	10352	10	15	20235	2466	2.2708840000000001	94.768860000000004	10352	J15
10352_99494_99494_0	10352	11	15	20235	3128	1.85422	97.506393000000003	10352	K15
10352_99495_99495_0	10352	12	15	20235	2007	2.3418040000000002	98.903839000000005	10352	L15
10352_99496_99496_0	10352	13	15	20235	3977	0.226301	80.940406999999894	10352	M15
10352_99497_99497_0	10352	14	15	20235	3371	0.44497199999999898	94.452681999999896	10352	N15
10352_99509_99509_0	10352	3	16	20235	2266	0.17652300000000001	35.083846999999899	10352	C16
10352_99508_99508_0	10352	4	16	20235	2823	0.21254000000000001	22.706340999999899	10352	D16
10352_99507_99507_0	10352	5	16	20235	3090	1.1326860000000001	35.889969000000001	10352	E16
10352_99506_99506_0	10352	6	16	20235	3098	0.25823099999999899	56.488056	10352	F16
10352_99505_99505_0	10352	7	16	20235	3524	5.6753999999999902E-2	40.465381999999899	10352	G16
10352_99504_99504_0	10352	8	16	20235	4106	4.8709000000000002E-2	56.186069000000003	10352	H16
10352_99503_99503_0	10352	9	16	20235	2287	2.49234799999999	96.633140999999895	10352	I16
10352_99502_99502_0	10352	10	16	20235	2861	1.2932539999999899	96.714432000000002	10352	J16
10352_99501_99501_0	10352	11	16	20235	2263	1.5908089999999899	98.541756000000007	10352	K16
10352_99500_99500_0	10352	12	16	20235	2930	1.638225	97.576790000000003	10352	L16
10352_99499_99499_0	10352	13	16	20235	3742	0.29396	73.997864000000007	10352	M16
10352_99498_99498_0	10352	14	16	20235	3819	0.34040300000000001	93.427597000000006	10352	N16
10352_99510_99510_0	10352	3	17	20235	3096	0.45219599999999899	44.767440999999899	10352	C17
10352_99511_99511_0	10352	4	17	20235	3189	0.37629400000000002	67.042961000000005	10352	D17
10352_99512_99512_0	10352	5	17	20235	3569	0.140095	42.729056999999898	10352	E17
10352_99513_99513_0	10352	6	17	20235	3872	0.36157	78.9772719999999	10352	F17
10352_99514_99514_0	10352	7	17	20235	4253	4.7025999999999901E-2	71.902184000000005	10352	G17
10352_99515_99515_0	10352	8	17	20235	4384	4.5620000000000001E-2	65.351280000000003	10352	H17
10352_99516_99516_0	10352	9	17	20235	4267	0.58589199999999897	71.127257999999898	10352	I17
10352_99517_99517_0	10352	10	17	20235	4501	0.24439	50.122196000000002	10352	J17
10352_99518_99518_0	10352	11	17	20235	4554	0.28546300000000002	69.191917000000004	10352	K17
10352_99519_99519_0	10352	12	17	20235	4060	0.41871900000000001	87.0689619999999	10352	L17
10352_99520_99520_0	10352	13	17	20235	3896	0.33367599999999897	83.470222000000007	10352	M17
10352_99521_99521_0	10352	14	17	20235	3565	0.39270699999999897	93.856941000000006	10352	N17
10352_99533_99533_0	10352	3	18	20235	3202	3.1230000000000001E-2	24.484697000000001	10352	C18
10352_99532_99532_0	10352	4	18	20235	3402	0.26455000000000001	28.042328000000001	10352	D18
10352_99531_99531_0	10352	5	18	20235	4142	0.31385800000000003	36.7938189999999	10352	E18
10352_99530_99530_0	10352	6	18	20235	3744	0.267094	59.5352549999999	10352	F18
10352_99529_99529_0	10352	7	18	20235	4541	6.6064999999999902E-2	43.580708000000001	10352	G18
10352_99528_99528_0	10352	8	18	20235	4366	0	52.061382000000002	10352	H18
10352_99527_99527_0	10352	9	18	20235	3929	0.15271100000000001	43.217101999999898	10352	I18
10352_99526_99526_0	10352	10	18	20235	4573	0.21867500000000001	47.999125999999897	10352	J18
10352_99525_99525_0	10352	11	18	20235	4472	0.42486600000000002	87.254028000000005	10352	K18
10352_99524_99524_0	10352	12	18	20235	4295	6.9848999999999897E-2	76.251457000000002	10352	L18
10352_99523_99523_0	10352	13	18	20235	3898	0.205233	74.935867000000002	10352	M18
10352_99522_99522_0	10352	14	18	20235	3274	0.33598	92.730605999999895	10352	N18
10352_99534_99534_0	10352	3	19	20235	2666	0.22505600000000001	74.868713	10352	C19
10352_99535_99535_0	10352	4	19	20235	3003	0.43290000000000001	85.581085000000002	10352	D19
10352_99536_99536_0	10352	5	19	20235	3455	0.54992799999999897	71.837913999999898	10352	E19
10352_99537_99537_0	10352	6	19	20235	4100	0.43902400000000003	84.926826000000005	10352	F19
10352_99538_99538_0	10352	7	19	20235	4177	7.18219999999999E-2	50.275317999999899	10352	G19
10352_99539_99539_0	10352	8	19	20235	4439	0.27033099999999899	73.034469999999899	10352	H19
10352_99540_99540_0	10352	9	19	20235	3286	0.27388899999999899	85.453438000000006	10352	I19
10352_99541_99541_0	10352	10	19	20235	3601	0.47209099999999898	77.367401000000001	10352	J19
10352_99542_99542_0	10352	11	19	20235	4153	0.16855300000000001	86.660247999999896	10352	K19
10352_99543_99543_0	10352	12	19	20235	4012	0.47357900000000003	90.403785999999897	10352	L19
10352_99544_99544_0	10352	13	19	20235	3815	0.34076000000000001	87.287025	10352	M19
10352_99545_99545_0	10352	14	19	20235	3331	0.51035699999999895	93.365356000000006	10352	N19
10352_99557_99557_0	10352	3	20	20235	2689	0.40907399999999899	83.971733	10352	C20
10352_99556_99556_0	10352	4	20	20235	3026	0.33046900000000001	85.029739000000006	10352	D20
10352_99555_99555_0	10352	5	20	20235	3331	0.420294	88.922248999999894	10352	E20
10352_99554_99554_0	10352	6	20	20235	3840	0.33854200000000001	87.864586000000003	10352	F20
10352_99553_99553_0	10352	7	20	20235	4300	0.23255799999999899	79.558136000000005	10352	G20
10352_99552_99552_0	10352	8	20	20235	3608	0.27716200000000002	84.977829	10352	H20
10352_99551_99551_0	10352	9	20	20235	3399	0.20594299999999899	86.790229999999895	10352	I20
10352_99550_99550_0	10352	10	20	20235	3488	0.831421999999999	90.854354999999899	10352	J20
10352_99549_99549_0	10352	11	20	20235	3932	0.203459	92.802643000000003	10352	K20
10352_99548_99548_0	10352	12	20	20235	3725	0.40268500000000002	91.221474000000001	10352	L20
10352_99547_99547_0	10352	13	20	20235	3924	0.40774700000000003	90.570847000000001	10352	M20
10352_99546_99546_0	10352	14	20	20235	3449	0.60887199999999897	96.288780000000003	10352	N20
10352_99558_99558_0	10352	3	21	20235	2564	0.46801900000000002	56.123244999999898	10352	C21
10352_99559_99559_0	10352	4	21	20235	2933	0.85236999999999896	77.463347999999897	10352	D21
10352_99560_99560_0	10352	5	21	20235	2503	0.95884899999999895	69.516578999999894	10352	E21
10352_99561_99561_0	10352	6	21	20235	3077	0.68248299999999895	89.145270999999894	10352	F21
10352_99562_99562_0	10352	7	21	20235	3528	5.6689000000000003E-2	65.419501999999895	10352	G21
10352_99563_99563_0	10352	8	21	20235	3690	0.216801999999999	84.661247000000003	10352	H21
10352_99564_99564_0	10352	9	21	20235	3554	1.406865	83.089478	10352	I21
10352_99565_99565_0	10352	10	21	20235	3690	2.2764229999999901	84.4715419999999	10352	J21
10352_99566_99566_0	10352	11	21	20235	3963	0.50466800000000001	88.922531000000006	10352	K21
10352_99567_99567_0	10352	12	21	20235	3802	0.52603900000000003	92.898476000000002	10352	L21
10352_99568_99568_0	10352	13	21	20235	4015	0.29887900000000001	90.2864229999999	10352	M21
10352_99569_99569_0	10352	14	21	20235	3384	0.53191500000000003	96.306145000000001	10352	N21
10352_99581_99581_0	10352	3	22	20235	2147	0.79180300000000003	55.612484000000002	10352	C22
10352_99580_99580_0	10352	4	22	20235	2182	0.64161299999999899	79.743354999999895	10352	D22
10352_99579_99579_0	10352	5	22	20235	2306	0.69384199999999896	68.430183	10352	E22
10352_99578_99578_0	10352	6	22	20235	2955	1.1505920000000001	89.2047349999999	10352	F22
10352_99577_99577_0	10352	7	22	20235	3522	0.14196500000000001	77.825096000000002	10352	G22
10352_99576_99576_0	10352	8	22	20235	3592	8.3518999999999899E-2	86.247214999999898	10352	H22
10352_99575_99575_0	10352	9	22	20235	2750	2.2909090000000001	89.199996999999897	10352	I22
10352_99574_99574_0	10352	10	22	20235	3398	3.82578	89.052383000000006	10352	J22
10352_99573_99573_0	10352	11	22	20235	3479	0.34492699999999898	91.836731	10352	K22
10352_99572_99572_0	10352	12	22	20235	3390	0.64896799999999899	94.837761	10352	L22
10352_99571_99571_0	10352	13	22	20235	3513	0.31312299999999899	93.310562000000004	10352	M22
10352_99570_99570_0	10352	14	22	20235	3129	0.95877299999999899	95.333968999999897	10352	N22
