e.Experiment_ID	e.Date	e.Drug_ID	e.Drug_conc	e.Drug_unit	e.Drug_control	p.Plate_ID	p.Plate_No	w.Plate_Row	w.Plate_Col	w.Well_ID	w.Well_No	w.Cell_Line_ID	w.Sample_ID	w.hIFN_supplyment_ID	w.treatment_ID	w.treatment_Dose	w.treatment_unit	w.treatment_time	w.treatment_group	w.cmp_ID	w.cmp_dose	w.cmp_unit	d.Sample	d.IL-8	d.MCP1	d.IL-6	d.IL-17A	d.TNF-alpha	d.IL-4	d.IL-10	d.IL-2	d.IL-1_beta	d.IFN-gamma
20210125_BG	20200120	RBN012759	1	uM	DMSO	P14-006	1	A	1	A01	1	None	None	None	None	-1	None	None	Standard	None	-1	None	STD1	3003.7731236323089	3656.1449221781186	6970.0797158314444	9496.830982	9363.2851939982447	10296.98932	11067.51543	10971.325186537379	2560.4343509720597	11435.68343380186
20210125_BG	20200120	RBN012759	1	uM	DMSO	P14-006	1	B	1	B01	2	None	None	None	None	-1	None	None	Standard	None	-1	None	STD2	1043.0482090383623	905.56553645782662	6468.6780950538769	4063.630127	3093.6367349019615	3144.795049	3907.880599	3013.5587402885635	1110.7188226053402	3932.2697902457344
20210125_BG	20200120	RBN012759	1	uM	DMSO	P14-006	1	C	1	C01	3	None	None	None	None	-1	None	None	Standard	None	-1	None	STD3	352.01109205338042	390.5998630394414	927.19169910364269	1147.017434	1071.6394174630711	1132.552693	1093.088362	1077.7960429240636	400.28335757393097	933.57320372712411
20210125_BG	20200120	RBN012759	1	uM	DMSO	P14-006	1	D	1	D01	4	None	None	None	None	-1	None	None	Standard	None	-1	None	STD4	123.59793092761173	126.22150830596875	450.94712585278012	350.5139494	363.30580719269966	381.4480551	342.6730133	397.69138276473274	128.82117268688435	340.89255247058099
20210125_BG	20200120	RBN012759	1	uM	DMSO	P14-006	1	E	1	E01	5	None	None	None	None	-1	None	None	Standard	None	-1	None	STD5	44.428442372014594	49.137134998398253	130.38677350267562	139.740596	128.38676728704885	127.887864	130.1046519	131.62638387973786	44.697364700246169	138.74441455935934
20210125_BG	20200120	RBN012759	1	uM	DMSO	P14-006	1	F	1	F01	6	None	None	None	None	-1	None	None	Standard	None	-1	None	STD6	13.808865888087132	13.817065451983334	46.629350229590493	44.6676154	38.687475183716217	45.61586161	42.37405826	41.282816499174658	18.438076509544011	43.39716140815208
20210125_BG	20200120	RBN012759	1	uM	DMSO	P14-006	1	G	1	G01	7	None	None	None	None	-1	None	None	Standard	None	-1	None	STD7	4.3965514905233283	6.2439957607722674	13.216822565453555	12.61519092	9.7927342863732072	13.08727856	10.65828424	13.526032983123383	3.8121318123868457	12.514177614236475
20210125_BG	20200120	RBN012759	1	uM	DMSO	P14-006	1	H	1	H01	8	None	None	None	None	-1	None	None	Standard	None	-1	None	STD8	1.4578240570046752	"NA"	5.018592176548756	4.570263265	9.1572459660718408	3.542090862	3.643993147	3.5648828481828274	1.0853473668355325	4.7142490051147137
20210125_BG	20200120	RBN012759	1	uM	DMSO	P14-006	1	I	1	I01	9	NULL	NULL	NULL	NULL	NA	NULL	NULL	NULL	NULL	NA	NULL	NA	NA	NA	NA	NA	NA	NA	NA	NA	NA	NA
20210125_BG	20200120	RBN012759	1	uM	DMSO	P14-006	1	J	1	J01	10	NULL	NULL	NULL	NULL	NA	NULL	NULL	NULL	NULL	NA	NULL	NA	NA	NA	NA	NA	NA	NA	NA	NA	NA	NA
20210125_BG	20200120	RBN012759	1	uM	DMSO	P14-006	1	K	1	K01	11	NULL	NULL	NULL	NULL	NA	NULL	NULL	NULL	NULL	NA	NULL	NA	NA	NA	NA	NA	NA	NA	NA	NA	NA	NA
20210125_BG	20200120	RBN012759	1	uM	DMSO	P14-006	1	L	1	L01	12	NULL	NULL	NULL	NULL	NA	NULL	NULL	NULL	NULL	NA	NULL	NA	NA	NA	NA	NA	NA	NA	NA	NA	NA	NA
20210125_BG	20200120	RBN012759	1	uM	DMSO	P14-006	1	M	1	M01	13	NULL	NULL	NULL	NULL	NA	NULL	NULL	NULL	NULL	NA	NULL	NA	NA	NA	NA	NA	NA	NA	NA	NA	NA	NA
20210125_BG	20200120	RBN012759	1	uM	DMSO	P14-006	1	N	1	N01	14	NULL	NULL	NULL	NULL	NA	NULL	NULL	NULL	NULL	NA	NULL	NA	NA	NA	NA	NA	NA	NA	NA	NA	NA	NA
20210125_BG	20200120	RBN012759	1	uM	DMSO	P14-006	1	O	1	O01	15	NULL	NULL	NULL	NULL	NA	NULL	NULL	NULL	NULL	NA	NULL	NA	NA	NA	NA	NA	NA	NA	NA	NA	NA	NA
20210125_BG	20200120	RBN012759	1	uM	DMSO	P14-006	1	P	1	P01	16	NULL	NULL	NULL	NULL	NA	NULL	NULL	NULL	NULL	NA	NULL	NA	NA	NA	NA	NA	NA	NA	NA	NA	NA	NA
20210125_BG	20200120	RBN012759	1	uM	DMSO	P14-006	1	A	2	A02	17	None	None	None	None	-1	None	None	Standard	None	-1	None	STD1	3367.5142782935909	"NA"	5880.6889763370082	14470.05081	11225.336033078333	10025.1992	9371.876524	12243.520692742581	4206.2065912842545	6108.7874567845156
20210125_BG	20200120	RBN012759	1	uM	DMSO	P14-006	1	B	2	B02	18	None	None	None	None	-1	None	None	Standard	None	-1	None	STD2	1202.3122250962092	975.97725376022629	5080.6456668936999	2336.424285	3322.0075980498291	3394.408686	2755.589675	2777.4472233895294	920.3555069650846	3805.8754502891775
20210125_BG	20200120	RBN012759	1	uM	DMSO	P14-006	1	C	2	C02	19	None	None	None	None	-1	None	None	Standard	None	-1	None	STD3	392.63648122471204	381.48574455282892	895.22454949106475	976.8434216	1184.0935225229202	1059.13268	1093.899674	1098.2277784340617	395.91560718801884	1056.863224081407
20210125_BG	20200120	RBN012759	1	uM	DMSO	P14-006	1	D	2	D02	20	None	None	None	None	-1	None	None	Standard	None	-1	None	STD4	113.45121127547382	115.30234440121785	338.12603878427251	369.6302742	377.21316285735753	360.4792131	408.3487289	382.80624221974455	118.83568827486016	397.98385366890381
20210125_BG	20200120	RBN012759	1	uM	DMSO	P14-006	1	E	2	E02	21	None	None	None	None	-1	None	None	Standard	None	-1	None	STD5	42.593909972867323	37.356574004101965	105.11360112292454	129.6029955	124.4270638076736	122.7095746	114.7897153	113.01394270845451	30.816789451730237	137.20188414910308
20210125_BG	20200120	RBN012759	1	uM	DMSO	P14-006	1	F	2	F02	22	None	None	None	None	-1	None	None	Standard	None	-1	None	STD6	13.356145575778251	11.456700204041057	43.95963360041771	44.83875696	42.216509889590391	42.17056218	48.72290001	43.948221743211562	13.358305017795789	30.716588518933136
20210125_BG	20200120	RBN012759	1	uM	DMSO	P14-006	1	G	2	G02	23	None	None	None	None	-1	None	None	Standard	None	-1	None	STD7	4.3340506360963351	4.8124498065407764	12.420420166502385	10.8500792	15.095263099485605	11.54059862	12.68567862	11.277241342028377	4.3682345576194495	15.772180632307274
20210125_BG	20200120	RBN012759	1	uM	DMSO	P14-006	1	H	2	H02	24	None	None	None	None	-1	None	None	Standard	None	-1	None	STD8	1.7690837112118056	1.0908862344009649	4.3293794834315689	5.079094371	1.8639395666126113	6.310062016	6.584008741	6.5466835048237364	2.1811741426909235	4.8225929232224223
20210125_BG	20200120	RBN012759	1	uM	DMSO	P14-006	1	I	2	I02	25	NULL	NULL	NULL	NULL	NA	NULL	NULL	NULL	NULL	NA	NULL	NA	NA	NA	NA	NA	NA	NA	NA	NA	NA	NA
20210125_BG	20200120	RBN012759	1	uM	DMSO	P14-006	1	J	2	J02	26	NULL	NULL	NULL	NULL	NA	NULL	NULL	NULL	NULL	NA	NULL	NA	NA	NA	NA	NA	NA	NA	NA	NA	NA	NA
20210125_BG	20200120	RBN012759	1	uM	DMSO	P14-006	1	K	2	K02	27	NULL	NULL	NULL	NULL	NA	NULL	NULL	NULL	NULL	NA	NULL	NA	NA	NA	NA	NA	NA	NA	NA	NA	NA	NA
20210125_BG	20200120	RBN012759	1	uM	DMSO	P14-006	1	L	2	L02	28	NULL	NULL	NULL	NULL	NA	NULL	NULL	NULL	NULL	NA	NULL	NA	NA	NA	NA	NA	NA	NA	NA	NA	NA	NA
20210125_BG	20200120	RBN012759	1	uM	DMSO	P14-006	1	M	2	M02	29	NULL	NULL	NULL	NULL	NA	NULL	NULL	NULL	NULL	NA	NULL	NA	NA	NA	NA	NA	NA	NA	NA	NA	NA	NA
20210125_BG	20200120	RBN012759	1	uM	DMSO	P14-006	1	N	2	N02	30	NULL	NULL	NULL	NULL	NA	NULL	NULL	NULL	NULL	NA	NULL	NA	NA	NA	NA	NA	NA	NA	NA	NA	NA	NA
20210125_BG	20200120	RBN012759	1	uM	DMSO	P14-006	1	O	2	O02	31	NULL	NULL	NULL	NULL	NA	NULL	NULL	NULL	NULL	NA	NULL	NA	NA	NA	NA	NA	NA	NA	NA	NA	NA	NA
20210125_BG	20200120	RBN012759	1	uM	DMSO	P14-006	1	P	2	P02	32	NULL	NULL	NULL	NULL	NA	NULL	NULL	NULL	NULL	NA	NULL	NA	NA	NA	NA	NA	NA	NA	NA	NA	NA	NA
20210125_BG	20200120	RBN012759	1	uM	DMSO	P14-006	1	A	3	A03	33	None	None	None	None	-1	None	None	water	None	-1	None	water	"NA"	3.9491136788559946	"NA"	1.100334998	"NA"	1.174496873	2.318088488	0.42537652377155011	"NA"	"NA"
20210125_BG	20200120	RBN012759	1	uM	DMSO	P14-006	1	B	3	B03	34	None	None	None	None	-1	None	None	water	None	-1	None	water	0.21572242930330057	2.4131068391636963	"NA"	0.8103086531	5.1998118792249679	1.109800059	3.023399552	0.83062899694276182	1.1983900934312588	2.7900182840760364
20210125_BG	20200120	RBN012759	1	uM	DMSO	P14-006	1	C	3	C03	35	None	None	None	None	-1	None	None	water	None	-1	None	water	1.4850973349624623	3.8139257910887765	"NA"	1.109226369	1.7963307724813788	0.2434763487	0.8912810752	2.6730192890732942	0.68718140472306377	3.0167146181461942E-2
20210125_BG	20200120	RBN012759	1	uM	DMSO	P14-006	1	D	3	D03	36	None	None	None	None	-1	None	None	water	None	-1	None	water	1.7243622867714206	"NA"	"NA"	1.550040476	2.4728847789916735	1.2563653	0.4957241482	1.9115667434610346	1.222851536560809	1.9103323807482204
20210125_BG	20200120	RBN012759	1	uM	DMSO	P14-006	1	E	3	E03	37	None	None	None	None	-1	None	None	water	None	-1	None	water	0.80793576392962474	"NA"	"NA"	0.5086189303	1.1051425092600882	0.9749938739	1.370757535	0.55813727106023625	0.51926636461834885	"NA"
20210125_BG	20200120	RBN012759	1	uM	DMSO	P14-006	1	F	3	F03	38	None	None	None	None	-1	None	None	water	None	-1	None	water	0.11394983547884285	"NA"	"NA"	0.8980824516	4.9245341503120237	1.294811309	2.354386515	1.691002237029942	0.47288665565111671	2.5032217160819812
20210125_BG	20200120	RBN012759	1	uM	DMSO	P14-006	1	G	3	G03	39	None	None	None	None	-1	None	None	water	None	-1	None	water	0.4299816537576121	3.3834181901782272	"NA"	0.5326663827	"NA"	1.361105771	1.918654387	3.9710869653505956	"NA"	"NA"
20210125_BG	20200120	RBN012759	1	uM	DMSO	P14-006	1	H	3	H03	40	None	None	None	None	-1	None	None	water	None	-1	None	water	0.92761601200814614	"NA"	"NA"	0.7932980729	12.871165910519387	0.1143628294	0.1899263245	1.1348698469508569	0.49260510214951869	"NA"
20210125_BG	20200120	RBN012759	1	uM	DMSO	P14-006	1	I	3	I03	41	NULL	NULL	NULL	NULL	NA	NULL	NULL	NULL	NULL	NA	NULL	NA	NA	NA	NA	NA	NA	NA	NA	NA	NA	NA
20210125_BG	20200120	RBN012759	1	uM	DMSO	P14-006	1	J	3	J03	42	NULL	NULL	NULL	NULL	NA	NULL	NULL	NULL	NULL	NA	NULL	NA	NA	NA	NA	NA	NA	NA	NA	NA	NA	NA
20210125_BG	20200120	RBN012759	1	uM	DMSO	P14-006	1	K	3	K03	43	NULL	NULL	NULL	NULL	NA	NULL	NULL	NULL	NULL	NA	NULL	NA	NA	NA	NA	NA	NA	NA	NA	NA	NA	NA
20210125_BG	20200120	RBN012759	1	uM	DMSO	P14-006	1	L	3	L03	44	NULL	NULL	NULL	NULL	NA	NULL	NULL	NULL	NULL	NA	NULL	NA	NA	NA	NA	NA	NA	NA	NA	NA	NA	NA
20210125_BG	20200120	RBN012759	1	uM	DMSO	P14-006	1	M	3	M03	45	NULL	NULL	NULL	NULL	NA	NULL	NULL	NULL	NULL	NA	NULL	NA	NA	NA	NA	NA	NA	NA	NA	NA	NA	NA
20210125_BG	20200120	RBN012759	1	uM	DMSO	P14-006	1	N	3	N03	46	NULL	NULL	NULL	NULL	NA	NULL	NULL	NULL	NULL	NA	NULL	NA	NA	NA	NA	NA	NA	NA	NA	NA	NA	NA
20210125_BG	20200120	RBN012759	1	uM	DMSO	P14-006	1	O	3	O03	47	NULL	NULL	NULL	NULL	NA	NULL	NULL	NULL	NULL	NA	NULL	NA	NA	NA	NA	NA	NA	NA	NA	NA	NA	NA
20210125_BG	20200120	RBN012759	1	uM	DMSO	P14-006	1	P	3	P03	48	NULL	NULL	NULL	NULL	NA	NULL	NULL	NULL	NULL	NA	NULL	NA	NA	NA	NA	NA	NA	NA	NA	NA	NA	NA
20210125_BG	20200120	RBN012759	1	uM	DMSO	P14-006	1	A	4	A04	49	H1373-Cas9	Rep_1	Acute	hIFNgamma	0	ng/ml	24hr	neg	DMSO	0	uM	Sample1-1	2472.9162538180381	0.83371127811081647	42.080404526228364	3.909514426	"NA"	15.23611206	16.66526671	10.877910950889785	2.5331730144003921	"NA"
20210125_BG	20200120	RBN012759	1	uM	DMSO	P14-006	1	B	4	B04	50	H1373-Cas9	Rep_1	Acute	hIFNgamma	0	ng/ml	24hr	neg	DMSO	0	uM	Sample2-1	2347.0685461188109	16.122411193559355	34.700897215671311	5.386636298	41.54616751105997	15.00049697	8.754305029	1.4368492913512125	4.0602672025120032	1.9817674268484828
20210125_BG	20200120	RBN012759	1	uM	DMSO	P14-006	1	C	4	C04	51	H1373-Cas9	Rep_1	Chronic_IFNg_5ng_ml	hIFNgamma	0	ng/ml	24hr	neg	DMSO	0	uM	Sample3-1	1667.0286151612356	5.8550295647214101	19.160581005008652	5.600079604	5.4955587860238229	12.64167085	17.39380796	2.9022732833507483	3.1927083533658887	2.1025263564390628
20210125_BG	20200120	RBN012759	1	uM	DMSO	P14-006	1	D	4	D04	52	H1373-Cas9	Rep_1	Chronic_IFNg_5ng_ml	hIFNgamma	0	ng/ml	24hr	neg	DMSO	0	uM	Sample4-1	1708.3969471112382	13.397572781368387	22.381531438208796	4.297233032	19.440268042546265	15.40762529	23.30245306	14.309346504304358	2.5774491777771327	"NA"
20210125_BG	20200120	RBN012759	1	uM	DMSO	P14-006	1	E	4	E04	53	CFPAC1-Cas9	Rep_1	Acute	hIFNgamma	0	ng/ml	24hr	neg	DMSO	0	uM	Sample5-1	374.99007296038081	10.01812483453857	167.85404994011796	4.005979971	3.7964122270537874	9.363886205	8.308081264	3.2056587316212832	"NA"	"NA"
20210125_BG	20200120	RBN012759	1	uM	DMSO	P14-006	1	F	4	F04	54	CFPAC1-Cas9	Rep_1	Acute	hIFNgamma	0	ng/ml	24hr	neg	DMSO	0	uM	Sample6-1	412.01264217404065	21.148614554745123	190.09240759874305	5.02784512	44.358849357093447	6.016649606	13.2857962	3.1585644825001165	"NA"	8.4811778936382645
20210125_BG	20200120	RBN012759	1	uM	DMSO	P14-006	1	G	4	G04	55	CFPAC1-Cas9	Rep_1	Chronic_IFNg_1ng_ml	hIFNgamma	0	ng/ml	24hr	neg	DMSO	0	uM	Sample7-1	569.43382035411935	31.463089742552686	219.93251105928147	4.369325685	"NA"	4.493567803	6.567115474	8.4763393436831773	1.8066016043583584	"NA"
20210125_BG	20200120	RBN012759	1	uM	DMSO	P14-006	1	H	4	H04	56	CFPAC1-Cas9	Rep_1	Chronic_IFNg_1ng_ml	hIFNgamma	0	ng/ml	24hr	neg	DMSO	0	uM	Sample8-1	1007.780238691725	"NA"	292.2469308921942	4.031027579	"NA"	12.79468367	21.76660182	"NA"	"NA"	"NA"
20210125_BG	20200120	RBN012759	1	uM	DMSO	P14-006	1	I	4	I04	57	NULL	NULL	NULL	NULL	NA	NULL	NULL	NULL	NULL	NA	NULL	NA	NA	NA	NA	NA	NA	NA	NA	NA	NA	NA
20210125_BG	20200120	RBN012759	1	uM	DMSO	P14-006	1	J	4	J04	58	NULL	NULL	NULL	NULL	NA	NULL	NULL	NULL	NULL	NA	NULL	NA	NA	NA	NA	NA	NA	NA	NA	NA	NA	NA
20210125_BG	20200120	RBN012759	1	uM	DMSO	P14-006	1	K	4	K04	59	NULL	NULL	NULL	NULL	NA	NULL	NULL	NULL	NULL	NA	NULL	NA	NA	NA	NA	NA	NA	NA	NA	NA	NA	NA
20210125_BG	20200120	RBN012759	1	uM	DMSO	P14-006	1	L	4	L04	60	NULL	NULL	NULL	NULL	NA	NULL	NULL	NULL	NULL	NA	NULL	NA	NA	NA	NA	NA	NA	NA	NA	NA	NA	NA
20210125_BG	20200120	RBN012759	1	uM	DMSO	P14-006	1	M	4	M04	61	NULL	NULL	NULL	NULL	NA	NULL	NULL	NULL	NULL	NA	NULL	NA	NA	NA	NA	NA	NA	NA	NA	NA	NA	NA
20210125_BG	20200120	RBN012759	1	uM	DMSO	P14-006	1	N	4	N04	62	NULL	NULL	NULL	NULL	NA	NULL	NULL	NULL	NULL	NA	NULL	NA	NA	NA	NA	NA	NA	NA	NA	NA	NA	NA
20210125_BG	20200120	RBN012759	1	uM	DMSO	P14-006	1	O	4	O04	63	NULL	NULL	NULL	NULL	NA	NULL	NULL	NULL	NULL	NA	NULL	NA	NA	NA	NA	NA	NA	NA	NA	NA	NA	NA
20210125_BG	20200120	RBN012759	1	uM	DMSO	P14-006	1	P	4	P04	64	NULL	NULL	NULL	NULL	NA	NULL	NULL	NULL	NULL	NA	NULL	NA	NA	NA	NA	NA	NA	NA	NA	NA	NA	NA
20210125_BG	20200120	RBN012759	1	uM	DMSO	P14-006	1	A	5	A05	65	H1373-Cas9	Rep_2	Acute	hIFNgamma	0	ng/ml	24hr	neg	DMSO	0	uM	Sample1-2	2991.940532648111	10.956625075728008	38.861062188245775	3.933143039	51.68374996202526	16.45877088	15.7292846	5.026637659685921	1.3925455369291206	21.475804192001721
20210125_BG	20200120	RBN012759	1	uM	DMSO	P14-006	1	B	5	B05	66	H1373-Cas9	Rep_2	Acute	hIFNgamma	0	ng/ml	24hr	neg	DMSO	0	uM	Sample2-2	2792.9224865386159	15.383101306211282	34.397360585999621	5.113434645	15.589439703730104	7.693376399	15.83789333	7.661575233871182	2.1504931370471141	"NA"
20210125_BG	20200120	RBN012759	1	uM	DMSO	P14-006	1	C	5	C05	67	H1373-Cas9	Rep_2	Chronic_IFNg_5ng_ml	hIFNgamma	0	ng/ml	24hr	neg	DMSO	0	uM	Sample3-2	2103.2024532514338	21.306383941967912	24.663882060299859	3.217236488	"NA"	11.6520671	7.712747201	3.9369904067852479	"NA"	"NA"
20210125_BG	20200120	RBN012759	1	uM	DMSO	P14-006	1	D	5	D05	68	H1373-Cas9	Rep_2	Chronic_IFNg_5ng_ml	hIFNgamma	0	ng/ml	24hr	neg	DMSO	0	uM	Sample4-2	1547.7465807423825	10.606829002205629	30.272215200559192	4.928948548	27.695593886672597	8.296082015	11.04856353	15.566594646460199	1.070277351992529	"NA"
20210125_BG	20200120	RBN012759	1	uM	DMSO	P14-006	1	E	5	E05	69	CFPAC1-Cas9	Rep_2	Acute	hIFNgamma	0	ng/ml	24hr	neg	DMSO	0	uM	Sample5-2	411.35597839520381	10.895002399605959	203.07599640708307	4.184482172	11.549380898548446	5.308730645	9.813743888	"NA"	0.88198166498955288	7.3145750069797266
20210125_BG	20200120	RBN012759	1	uM	DMSO	P14-006	1	F	5	F05	70	CFPAC1-Cas9	Rep_2	Acute	hIFNgamma	0	ng/ml	24hr	neg	DMSO	0	uM	Sample6-2	425.94653635064873	6.6186242254097039	175.39453367102905	1.477955339	"NA"	4.116260971	12.34542864	15.393220114745164	5.4542223435641004	13.61045132807004
20210125_BG	20200120	RBN012759	1	uM	DMSO	P14-006	1	G	5	G05	71	CFPAC1-Cas9	Rep_2	Chronic_IFNg_1ng_ml	hIFNgamma	0	ng/ml	24hr	neg	DMSO	0	uM	Sample7-2	711.9559619348455	9.152225086333944	200.11887617779448	4.664426853	7.1375306120787547	5.860028309	14.14377774	2.5556795908839858	"NA"	"NA"
20210125_BG	20200120	RBN012759	1	uM	DMSO	P14-006	1	H	5	H05	72	CFPAC1-Cas9	Rep_2	Chronic_IFNg_1ng_ml	hIFNgamma	0	ng/ml	24hr	neg	DMSO	0	uM	Sample8-2	880.285198031964	12.764085339231389	299.3261289108151	5.881800461	18.197348141533212	6.428338506	15.34750469	"NA"	"NA"	"NA"
20210125_BG	20200120	RBN012759	1	uM	DMSO	P14-006	1	I	5	I05	73	NULL	NULL	NULL	NULL	NA	NULL	NULL	NULL	NULL	NA	NULL	NA	NA	NA	NA	NA	NA	NA	NA	NA	NA	NA
20210125_BG	20200120	RBN012759	1	uM	DMSO	P14-006	1	J	5	J05	74	NULL	NULL	NULL	NULL	NA	NULL	NULL	NULL	NULL	NA	NULL	NA	NA	NA	NA	NA	NA	NA	NA	NA	NA	NA
20210125_BG	20200120	RBN012759	1	uM	DMSO	P14-006	1	K	5	K05	75	NULL	NULL	NULL	NULL	NA	NULL	NULL	NULL	NULL	NA	NULL	NA	NA	NA	NA	NA	NA	NA	NA	NA	NA	NA
20210125_BG	20200120	RBN012759	1	uM	DMSO	P14-006	1	L	5	L05	76	NULL	NULL	NULL	NULL	NA	NULL	NULL	NULL	NULL	NA	NULL	NA	NA	NA	NA	NA	NA	NA	NA	NA	NA	NA
20210125_BG	20200120	RBN012759	1	uM	DMSO	P14-006	1	M	5	M05	77	NULL	NULL	NULL	NULL	NA	NULL	NULL	NULL	NULL	NA	NULL	NA	NA	NA	NA	NA	NA	NA	NA	NA	NA	NA
20210125_BG	20200120	RBN012759	1	uM	DMSO	P14-006	1	N	5	N05	78	NULL	NULL	NULL	NULL	NA	NULL	NULL	NULL	NULL	NA	NULL	NA	NA	NA	NA	NA	NA	NA	NA	NA	NA	NA
20210125_BG	20200120	RBN012759	1	uM	DMSO	P14-006	1	O	5	O05	79	NULL	NULL	NULL	NULL	NA	NULL	NULL	NULL	NULL	NA	NULL	NA	NA	NA	NA	NA	NA	NA	NA	NA	NA	NA
20210125_BG	20200120	RBN012759	1	uM	DMSO	P14-006	1	P	5	P05	80	NULL	NULL	NULL	NULL	NA	NULL	NULL	NULL	NULL	NA	NULL	NA	NA	NA	NA	NA	NA	NA	NA	NA	NA	NA
20210125_BG	20200120	RBN012759	1	uM	DMSO	P14-006	1	A	6	A06	81	H1373-Cas9	Rep_3	Acute	hIFNgamma	0	ng/ml	24hr	neg	DMSO	0	uM	Sample1-3	2923.870675389875	15.950303083933674	32.189133184688721	5.484098622	20.052699954320392	12.3025583	14.18721141	8.3535616983602878	2.6162317208906143	6.4279715021328148
20210125_BG	20200120	RBN012759	1	uM	DMSO	P14-006	1	B	6	B06	82	H1373-Cas9	Rep_3	Acute	hIFNgamma	0	ng/ml	24hr	neg	DMSO	0	uM	Sample2-3	2679.9138224719804	12.297583688708109	28.905692617463597	3.665333012	17.926754349773482	16.81659378	20.36782551	0.10551586229332761	2.8853885313239971	25.30801990769347
20210125_BG	20200120	RBN012759	1	uM	DMSO	P14-006	1	C	6	C06	83	H1373-Cas9	Rep_3	Chronic_IFNg_5ng_ml	hIFNgamma	0	ng/ml	24hr	neg	DMSO	0	uM	Sample3-3	1813.2401396516698	9.2126065153649108	22.076118350643139	2.46910678	"NA"	13.756727	28.04219423	10.746129934205888	"NA"	"NA"
20210125_BG	20200120	RBN012759	1	uM	DMSO	P14-006	1	D	6	D06	84	H1373-Cas9	Rep_3	Chronic_IFNg_5ng_ml	hIFNgamma	0	ng/ml	24hr	neg	DMSO	0	uM	Sample4-3	1484.6640312101379	19.052897111672213	26.436653486807586	3.485026972	41.286224196458754	9.130089987	14.22890347	4.8772066187271417	8.2095556835851955	4.8896236691838606
20210125_BG	20200120	RBN012759	1	uM	DMSO	P14-006	1	E	6	E06	85	CFPAC1-Cas9	Rep_3	Acute	hIFNgamma	0	ng/ml	24hr	neg	DMSO	0	uM	Sample5-3	435.68102634181224	9.2507159371001908	172.40275072130763	4.557536281	36.515435047401873	6.113432156	12.84579362	"NA"	3.6248422975237116	13.412056067966994
20210125_BG	20200120	RBN012759	1	uM	DMSO	P14-006	1	F	6	F06	86	CFPAC1-Cas9	Rep_3	Acute	hIFNgamma	0	ng/ml	24hr	neg	DMSO	0	uM	Sample6-3	366.41431532205911	14.023364436225561	196.39113408894417	3.004213924	23.901529783404477	12.5660795	10.48468735	5.3205576195629547	1.1929666222700324	1.9752855176646298
20210125_BG	20200120	RBN012759	1	uM	DMSO	P14-006	1	G	6	G06	87	CFPAC1-Cas9	Rep_3	Chronic_IFNg_1ng_ml	hIFNgamma	0	ng/ml	24hr	neg	DMSO	0	uM	Sample7-3	639.22321511046732	5.9995055600498945	211.09352464369394	3.405538227	"NA"	5.183986036	14.50944486	"NA"	1.5422264519321887	"NA"
20210125_BG	20200120	RBN012759	1	uM	DMSO	P14-006	1	H	6	H06	88	CFPAC1-Cas9	Rep_3	Chronic_IFNg_1ng_ml	hIFNgamma	0	ng/ml	24hr	neg	DMSO	0	uM	Sample8-3	811.9482921090339	27.740090463965974	333.30941449461153	3.319199529	34.598441021917161	1.803477295	13.14072443	8.0191070088186134	"NA"	"NA"
20210125_BG	20200120	RBN012759	1	uM	DMSO	P14-006	1	I	6	I06	89	NULL	NULL	NULL	NULL	NA	NULL	NULL	NULL	NULL	NA	NULL	NA	NA	NA	NA	NA	NA	NA	NA	NA	NA	NA
20210125_BG	20200120	RBN012759	1	uM	DMSO	P14-006	1	J	6	J06	90	NULL	NULL	NULL	NULL	NA	NULL	NULL	NULL	NULL	NA	NULL	NA	NA	NA	NA	NA	NA	NA	NA	NA	NA	NA
20210125_BG	20200120	RBN012759	1	uM	DMSO	P14-006	1	K	6	K06	91	NULL	NULL	NULL	NULL	NA	NULL	NULL	NULL	NULL	NA	NULL	NA	NA	NA	NA	NA	NA	NA	NA	NA	NA	NA
20210125_BG	20200120	RBN012759	1	uM	DMSO	P14-006	1	L	6	L06	92	NULL	NULL	NULL	NULL	NA	NULL	NULL	NULL	NULL	NA	NULL	NA	NA	NA	NA	NA	NA	NA	NA	NA	NA	NA
20210125_BG	20200120	RBN012759	1	uM	DMSO	P14-006	1	M	6	M06	93	NULL	NULL	NULL	NULL	NA	NULL	NULL	NULL	NULL	NA	NULL	NA	NA	NA	NA	NA	NA	NA	NA	NA	NA	NA
20210125_BG	20200120	RBN012759	1	uM	DMSO	P14-006	1	N	6	N06	94	NULL	NULL	NULL	NULL	NA	NULL	NULL	NULL	NULL	NA	NULL	NA	NA	NA	NA	NA	NA	NA	NA	NA	NA	NA
20210125_BG	20200120	RBN012759	1	uM	DMSO	P14-006	1	O	6	O06	95	NULL	NULL	NULL	NULL	NA	NULL	NULL	NULL	NULL	NA	NULL	NA	NA	NA	NA	NA	NA	NA	NA	NA	NA	NA
20210125_BG	20200120	RBN012759	1	uM	DMSO	P14-006	1	P	6	P06	96	NULL	NULL	NULL	NULL	NA	NULL	NULL	NULL	NULL	NA	NULL	NA	NA	NA	NA	NA	NA	NA	NA	NA	NA	NA
20210125_BG	20200120	RBN012759	1	uM	DMSO	P14-006	1	A	7	A07	97	H1373-Cas9	Rep_1	Acute	hIFNgamma	1	ng/ml	24hr	Experiment	DMSO	0	uM	Sample1-4	2508.9802513636951	16.628801800354644	39.281250140429314	5.247995777	"NA"	9.945929608	15.411043	"NA"	4.6165243708254584	0.95219650696092661
20210125_BG	20200120	RBN012759	1	uM	DMSO	P14-006	1	B	7	B07	98	H1373-Cas9	Rep_1	Acute	hIFNgamma	1	ng/ml	24hr	Experiment	DMSO	0	uM	Sample2-4	2227.8657881799577	20.043985275284172	41.745358030896348	4.780725096	23.906004102563521	17.71124961	13.05049221	11.698321087709061	1.5024059658840132	10.296880851622484
20210125_BG	20200120	RBN012759	1	uM	DMSO	P14-006	1	C	7	C07	99	H1373-Cas9	Rep_1	Chronic_IFNg_5ng_ml	hIFNgamma	1	ng/ml	24hr	Experiment	DMSO	0	uM	Sample3-4	1737.5828386352225	19.353088536080762	21.75037205398743	5.047639327	10.051429543633498	14.84600006	14.45582029	2.2605710482718182	"NA"	38.954898435358139
20210125_BG	20200120	RBN012759	1	uM	DMSO	P14-006	1	D	7	D07	100	H1373-Cas9	Rep_1	Chronic_IFNg_5ng_ml	hIFNgamma	1	ng/ml	24hr	Experiment	DMSO	0	uM	Sample4-4	1743.0219866889036	9.1526504461044524	24.763630842843412	5.762270498	"NA"	21.90155678	17.63002499	26.998502657496889	3.6467045053348031	13.10960829190104
20210125_BG	20200120	RBN012759	1	uM	DMSO	P14-006	1	E	7	E07	101	CFPAC1-Cas9	Rep_1	Acute	hIFNgamma	1	ng/ml	24hr	Experiment	DMSO	0	uM	Sample5-4	366.42001670341284	16.425422047502426	189.98398091842	3.453441325	"NA"	1.489056327	15.84324906	"NA"	0.53629684070566186	6.6134189738023812
20210125_BG	20200120	RBN012759	1	uM	DMSO	P14-006	1	F	7	F07	102	CFPAC1-Cas9	Rep_1	Acute	hIFNgamma	1	ng/ml	24hr	Experiment	DMSO	0	uM	Sample6-4	391.35587612981169	13.966488532399053	186.5034262068543	2.33807997	"NA"	7.4497376300000004	19.59575557	"NA"	4.1552472911278127	26.087235245814416
20210125_BG	20200120	RBN012759	1	uM	DMSO	P14-006	1	G	7	G07	103	CFPAC1-Cas9	Rep_1	Chronic_IFNg_1ng_ml	hIFNgamma	1	ng/ml	24hr	Experiment	DMSO	0	uM	Sample7-4	553.83702592204668	"NA"	271.74411493661052	3.290622017	16.751387679213124	6.367362036	14.26238638	2.2104481689650193	0.50115080963717029	12.448591497168611
20210125_BG	20200120	RBN012759	1	uM	DMSO	P14-006	1	H	7	H07	104	CFPAC1-Cas9	Rep_1	Chronic_IFNg_1ng_ml	hIFNgamma	1	ng/ml	24hr	Experiment	DMSO	0	uM	Sample8-4	651.65557879875678	19.290629163598101	260.79481352749741	3.159910425	"NA"	3.486859301	14.82502504	"NA"	2.3596228649280326	11.250969917473506
20210125_BG	20200120	RBN012759	1	uM	DMSO	P14-006	1	I	7	I07	105	NULL	NULL	NULL	NULL	NA	NULL	NULL	NULL	NULL	NA	NULL	NA	NA	NA	NA	NA	NA	NA	NA	NA	NA	NA
20210125_BG	20200120	RBN012759	1	uM	DMSO	P14-006	1	J	7	J07	106	NULL	NULL	NULL	NULL	NA	NULL	NULL	NULL	NULL	NA	NULL	NA	NA	NA	NA	NA	NA	NA	NA	NA	NA	NA
20210125_BG	20200120	RBN012759	1	uM	DMSO	P14-006	1	K	7	K07	107	NULL	NULL	NULL	NULL	NA	NULL	NULL	NULL	NULL	NA	NULL	NA	NA	NA	NA	NA	NA	NA	NA	NA	NA	NA
20210125_BG	20200120	RBN012759	1	uM	DMSO	P14-006	1	L	7	L07	108	NULL	NULL	NULL	NULL	NA	NULL	NULL	NULL	NULL	NA	NULL	NA	NA	NA	NA	NA	NA	NA	NA	NA	NA	NA
20210125_BG	20200120	RBN012759	1	uM	DMSO	P14-006	1	M	7	M07	109	NULL	NULL	NULL	NULL	NA	NULL	NULL	NULL	NULL	NA	NULL	NA	NA	NA	NA	NA	NA	NA	NA	NA	NA	NA
20210125_BG	20200120	RBN012759	1	uM	DMSO	P14-006	1	N	7	N07	110	NULL	NULL	NULL	NULL	NA	NULL	NULL	NULL	NULL	NA	NULL	NA	NA	NA	NA	NA	NA	NA	NA	NA	NA	NA
20210125_BG	20200120	RBN012759	1	uM	DMSO	P14-006	1	O	7	O07	111	NULL	NULL	NULL	NULL	NA	NULL	NULL	NULL	NULL	NA	NULL	NA	NA	NA	NA	NA	NA	NA	NA	NA	NA	NA
20210125_BG	20200120	RBN012759	1	uM	DMSO	P14-006	1	P	7	P07	112	NULL	NULL	NULL	NULL	NA	NULL	NULL	NULL	NULL	NA	NULL	NA	NA	NA	NA	NA	NA	NA	NA	NA	NA	NA
20210125_BG	20200120	RBN012759	1	uM	DMSO	P14-006	1	A	8	A08	113	H1373-Cas9	Rep_2	Acute	hIFNgamma	1	ng/ml	24hr	Experiment	DMSO	0	uM	Sample1-5	2934.8889810830638	13.040073210448844	48.872704862408519	2.399457113	"NA"	14.96011716	19.07435466	"NA"	4.2246315826905061	22.08376137978323
20210125_BG	20200120	RBN012759	1	uM	DMSO	P14-006	1	B	8	B08	114	H1373-Cas9	Rep_2	Acute	hIFNgamma	1	ng/ml	24hr	Experiment	DMSO	0	uM	Sample2-5	2291.4861279285969	23.516142901024597	41.384160752863153	5.040084791	21.191626404397258	19.52365227	16.71343288	"NA"	2.190608146135379	25.142878394403411
20210125_BG	20200120	RBN012759	1	uM	DMSO	P14-006	1	C	8	C08	115	H1373-Cas9	Rep_2	Chronic_IFNg_5ng_ml	hIFNgamma	1	ng/ml	24hr	Experiment	DMSO	0	uM	Sample3-5	1589.641171222811	14.755483706920513	21.759354558260618	2.930966469	"NA"	11.49952259	10.94385523	"NA"	"NA"	4.4887794027839041
20210125_BG	20200120	RBN012759	1	uM	DMSO	P14-006	1	D	8	D08	116	H1373-Cas9	Rep_2	Chronic_IFNg_5ng_ml	hIFNgamma	1	ng/ml	24hr	Experiment	DMSO	0	uM	Sample4-5	1534.2706279255451	12.478840877159643	20.752309454630364	3.902106474	"NA"	13.97488845	22.61865255	5.49506980082643	2.5902652837425926	14.264943982043091
20210125_BG	20200120	RBN012759	1	uM	DMSO	P14-006	1	E	8	E08	117	CFPAC1-Cas9	Rep_2	Acute	hIFNgamma	1	ng/ml	24hr	Experiment	DMSO	0	uM	Sample5-5	344.32458263216552	10.026226631343862	149.20428195937336	5.012235763	14.570071269663339	8.623659489	9.982792031	3.8428357123747001	4.5619144793901993	32.315480392214759
20210125_BG	20200120	RBN012759	1	uM	DMSO	P14-006	1	F	8	F08	118	CFPAC1-Cas9	Rep_2	Acute	hIFNgamma	1	ng/ml	24hr	Experiment	DMSO	0	uM	Sample6-5	374.14931541125111	12.902441157002757	188.79189789863514	4.862562068	3.1727998683643217	7.849016773	6.000236047	1.0773959272666764	2.98701039130593	15.468966027423521
20210125_BG	20200120	RBN012759	1	uM	DMSO	P14-006	1	G	8	G08	119	CFPAC1-Cas9	Rep_2	Chronic_IFNg_1ng_ml	hIFNgamma	1	ng/ml	24hr	Experiment	DMSO	0	uM	Sample7-5	581.76159004016642	15.844869642755741	204.54555216426641	2.436290128	4.3730240155416729	5.642839715	14.61553832	0.13002358650642895	"NA"	17.86317327172803
20210125_BG	20200120	RBN012759	1	uM	DMSO	P14-006	1	H	8	H08	120	CFPAC1-Cas9	Rep_2	Chronic_IFNg_1ng_ml	hIFNgamma	1	ng/ml	24hr	Experiment	DMSO	0	uM	Sample8-5	877.67856555774438	19.275909013421742	309.39195427139873	4.202779839	16.257363262175865	4.165934574	7.532441474	6.3545668750567277	"NA"	20.831985926001085
20210125_BG	20200120	RBN012759	1	uM	DMSO	P14-006	1	I	8	I08	121	NULL	NULL	NULL	NULL	NA	NULL	NULL	NULL	NULL	NA	NULL	NA	NA	NA	NA	NA	NA	NA	NA	NA	NA	NA
20210125_BG	20200120	RBN012759	1	uM	DMSO	P14-006	1	J	8	J08	122	NULL	NULL	NULL	NULL	NA	NULL	NULL	NULL	NULL	NA	NULL	NA	NA	NA	NA	NA	NA	NA	NA	NA	NA	NA
20210125_BG	20200120	RBN012759	1	uM	DMSO	P14-006	1	K	8	K08	123	NULL	NULL	NULL	NULL	NA	NULL	NULL	NULL	NULL	NA	NULL	NA	NA	NA	NA	NA	NA	NA	NA	NA	NA	NA
20210125_BG	20200120	RBN012759	1	uM	DMSO	P14-006	1	L	8	L08	124	NULL	NULL	NULL	NULL	NA	NULL	NULL	NULL	NULL	NA	NULL	NA	NA	NA	NA	NA	NA	NA	NA	NA	NA	NA
20210125_BG	20200120	RBN012759	1	uM	DMSO	P14-006	1	M	8	M08	125	NULL	NULL	NULL	NULL	NA	NULL	NULL	NULL	NULL	NA	NULL	NA	NA	NA	NA	NA	NA	NA	NA	NA	NA	NA
20210125_BG	20200120	RBN012759	1	uM	DMSO	P14-006	1	N	8	N08	126	NULL	NULL	NULL	NULL	NA	NULL	NULL	NULL	NULL	NA	NULL	NA	NA	NA	NA	NA	NA	NA	NA	NA	NA	NA
20210125_BG	20200120	RBN012759	1	uM	DMSO	P14-006	1	O	8	O08	127	NULL	NULL	NULL	NULL	NA	NULL	NULL	NULL	NULL	NA	NULL	NA	NA	NA	NA	NA	NA	NA	NA	NA	NA	NA
20210125_BG	20200120	RBN012759	1	uM	DMSO	P14-006	1	P	8	P08	128	NULL	NULL	NULL	NULL	NA	NULL	NULL	NULL	NULL	NA	NULL	NA	NA	NA	NA	NA	NA	NA	NA	NA	NA	NA
20210125_BG	20200120	RBN012759	1	uM	DMSO	P14-006	1	A	9	A09	129	H1373-Cas9	Rep_3	Acute	hIFNgamma	1	ng/ml	24hr	Experiment	DMSO	0	uM	Sample1-6	2247.2340921066457	12.949856240499981	37.552024777853568	1.060618763	44.023444209848066	12.78296898	14.72119507	"NA"	0.95534273589341567	10.057545860301985
20210125_BG	20200120	RBN012759	1	uM	DMSO	P14-006	1	B	9	B09	130	H1373-Cas9	Rep_3	Acute	hIFNgamma	1	ng/ml	24hr	Experiment	DMSO	0	uM	Sample2-6	2632.3722204459086	20.004003118949878	25.88599150909403	6.192097208	31.854799070290607	9.456356477	12.73296689	6.4674857515340616	2.3768485162296962	13.053748335149367
20210125_BG	20200120	RBN012759	1	uM	DMSO	P14-006	1	C	9	C09	131	H1373-Cas9	Rep_3	Chronic_IFNg_5ng_ml	hIFNgamma	1	ng/ml	24hr	Experiment	DMSO	0	uM	Sample3-6	1751.7335931033206	14.92305258784975	23.954986764360687	3.75255146	21.289385197257314	16.41908305	15.35672198	15.319003141346306	1.7353640077924444	23.932118788265644
20210125_BG	20200120	RBN012759	1	uM	DMSO	P14-006	1	D	9	D09	132	H1373-Cas9	Rep_3	Chronic_IFNg_5ng_ml	hIFNgamma	1	ng/ml	24hr	Experiment	DMSO	0	uM	Sample4-6	1690.6713955333375	16.442903701329975	19.818584808355507	4.502709507	24.005098113382726	9.08784534	13.21795137	4.7229380600428081	3.4759034967935407	9.8162761295629064
20210125_BG	20200120	RBN012759	1	uM	DMSO	P14-006	1	E	9	E09	133	CFPAC1-Cas9	Rep_3	Acute	hIFNgamma	1	ng/ml	24hr	Experiment	DMSO	0	uM	Sample5-6	399.10592834671212	"NA"	197.17084173990779	5.044803999	17.724441204789198	7.10830866	16.34215027	2.9625908692110481	10.248180032205859	19.44812074434234
20210125_BG	20200120	RBN012759	1	uM	DMSO	P14-006	1	F	9	F09	134	CFPAC1-Cas9	Rep_3	Acute	hIFNgamma	1	ng/ml	24hr	Experiment	DMSO	0	uM	Sample6-6	358.82298710427671	28.914631773940688	176.34254208066469	2.084553851	"NA"	5.61217536	34.19563725	"NA"	9.1411848239150134E-2	11.884895769954696
20210125_BG	20200120	RBN012759	1	uM	DMSO	P14-006	1	G	9	G09	135	CFPAC1-Cas9	Rep_3	Chronic_IFNg_1ng_ml	hIFNgamma	1	ng/ml	24hr	Experiment	DMSO	0	uM	Sample7-6	680.07994921705699	30.350884015888475	232.11277236651608	3.870214817	31.441764123612842	6.070195942	18.13160513	"NA"	5.5316448674259728	21.359278655111581
20210125_BG	20200120	RBN012759	1	uM	DMSO	P14-006	1	H	9	H09	136	CFPAC1-Cas9	Rep_3	Chronic_IFNg_1ng_ml	hIFNgamma	1	ng/ml	24hr	Experiment	DMSO	0	uM	Sample8-6	792.60029686096266	10.996235524763947	265.82028050647489	2.578220935	"NA"	7.039759699	10.31076343	3.8471981586151767	0.97886012869071148	31.590277927365687
20210125_BG	20200120	RBN012759	1	uM	DMSO	P14-006	1	I	9	I09	137	NULL	NULL	NULL	NULL	NA	NULL	NULL	NULL	NULL	NA	NULL	NA	NA	NA	NA	NA	NA	NA	NA	NA	NA	NA
20210125_BG	20200120	RBN012759	1	uM	DMSO	P14-006	1	J	9	J09	138	NULL	NULL	NULL	NULL	NA	NULL	NULL	NULL	NULL	NA	NULL	NA	NA	NA	NA	NA	NA	NA	NA	NA	NA	NA
20210125_BG	20200120	RBN012759	1	uM	DMSO	P14-006	1	K	9	K09	139	NULL	NULL	NULL	NULL	NA	NULL	NULL	NULL	NULL	NA	NULL	NA	NA	NA	NA	NA	NA	NA	NA	NA	NA	NA
20210125_BG	20200120	RBN012759	1	uM	DMSO	P14-006	1	L	9	L09	140	NULL	NULL	NULL	NULL	NA	NULL	NULL	NULL	NULL	NA	NULL	NA	NA	NA	NA	NA	NA	NA	NA	NA	NA	NA
20210125_BG	20200120	RBN012759	1	uM	DMSO	P14-006	1	M	9	M09	141	NULL	NULL	NULL	NULL	NA	NULL	NULL	NULL	NULL	NA	NULL	NA	NA	NA	NA	NA	NA	NA	NA	NA	NA	NA
20210125_BG	20200120	RBN012759	1	uM	DMSO	P14-006	1	N	9	N09	142	NULL	NULL	NULL	NULL	NA	NULL	NULL	NULL	NULL	NA	NULL	NA	NA	NA	NA	NA	NA	NA	NA	NA	NA	NA
20210125_BG	20200120	RBN012759	1	uM	DMSO	P14-006	1	O	9	O09	143	NULL	NULL	NULL	NULL	NA	NULL	NULL	NULL	NULL	NA	NULL	NA	NA	NA	NA	NA	NA	NA	NA	NA	NA	NA
20210125_BG	20200120	RBN012759	1	uM	DMSO	P14-006	1	P	9	P09	144	NULL	NULL	NULL	NULL	NA	NULL	NULL	NULL	NULL	NA	NULL	NA	NA	NA	NA	NA	NA	NA	NA	NA	NA	NA
20210125_BG	20200120	RBN012759	1	uM	DMSO	P14-006	1	A	10	A10	145	H1373-Cas9	Rep_1	Acute	hIFNgamma	0	ng/ml	24hr	Experiment	RBN2759	1	uM	Sample1-7	2937.7675051652809	"NA"	47.352031422440795	4.368801823	26.430379504517429	10.00432752	15.00671147	"NA"	2.22402407582479	"NA"
20210125_BG	20200120	RBN012759	1	uM	DMSO	P14-006	1	B	10	B10	146	H1373-Cas9	Rep_1	Acute	hIFNgamma	0	ng/ml	24hr	Experiment	RBN2759	1	uM	Sample2-7	2845.0390464942293	18.639539311020457	37.854082330154803	6.632769356	32.373417716451605	13.11930959	25.30346776	"NA"	5.347685474742752	4.9879608187087685
20210125_BG	20200120	RBN012759	1	uM	DMSO	P14-006	1	C	10	C10	147	H1373-Cas9	Rep_1	Chronic_IFNg_5ng_ml	hIFNgamma	0	ng/ml	24hr	Experiment	RBN2759	1	uM	Sample3-7	1285.746618505932	"NA"	19.598221145731518	1.858564644	44.69789338802444	14.85318721	8.751917634	0.4377680063844846	2.3703086904044879	"NA"
20210125_BG	20200120	RBN012759	1	uM	DMSO	P14-006	1	D	10	D10	148	H1373-Cas9	Rep_1	Chronic_IFNg_5ng_ml	hIFNgamma	0	ng/ml	24hr	Experiment	RBN2759	1	uM	Sample4-7	1268.1272522115689	19.692759963081318	17.874382847991736	4.189008628	"NA"	11.9792519	15.68015676	6.4304827145846932	1.5318990573622391	"NA"
20210125_BG	20200120	RBN012759	1	uM	DMSO	P14-006	1	E	10	E10	149	CFPAC1-Cas9	Rep_1	Acute	hIFNgamma	0	ng/ml	24hr	Experiment	RBN2759	1	uM	Sample5-7	468.34420360001224	11.20298810737409	167.65210565111957	2.922398472	32.481038377076466	7.95886135	9.340378203	0.68611108173502178	3.2472876999103697	17.534221167810294
20210125_BG	20200120	RBN012759	1	uM	DMSO	P14-006	1	F	10	F10	150	CFPAC1-Cas9	Rep_1	Acute	hIFNgamma	0	ng/ml	24hr	Experiment	RBN2759	1	uM	Sample6-7	423.11811032858532	8.0649571056248117	167.80221238008642	2.140560069	14.317542671357216	2.990551233	17.22487077	"NA"	1.0052477439050802	"NA"
20210125_BG	20200120	RBN012759	1	uM	DMSO	P14-006	1	G	10	G10	151	CFPAC1-Cas9	Rep_1	Chronic_IFNg_1ng_ml	hIFNgamma	0	ng/ml	24hr	Experiment	RBN2759	1	uM	Sample7-7	723.2318181588272	8.483630104416779	276.32585645004673	3.082508402	9.5713168988978623	9.482343717	8.027923524	"NA"	"NA"	"NA"
20210125_BG	20200120	RBN012759	1	uM	DMSO	P14-006	1	H	10	H10	152	CFPAC1-Cas9	Rep_1	Chronic_IFNg_1ng_ml	hIFNgamma	0	ng/ml	24hr	Experiment	RBN2759	1	uM	Sample8-7	927.00117177656364	2.518521837105518	284.85897381580645	4.252038353	2.9266355575398406	8.285226231	17.69002367	"NA"	"NA"	"NA"
20210125_BG	20200120	RBN012759	1	uM	DMSO	P14-006	1	I	10	I10	153	NULL	NULL	NULL	NULL	NA	NULL	NULL	NULL	NULL	NA	NULL	NA	NA	NA	NA	NA	NA	NA	NA	NA	NA	NA
20210125_BG	20200120	RBN012759	1	uM	DMSO	P14-006	1	J	10	J10	154	NULL	NULL	NULL	NULL	NA	NULL	NULL	NULL	NULL	NA	NULL	NA	NA	NA	NA	NA	NA	NA	NA	NA	NA	NA
20210125_BG	20200120	RBN012759	1	uM	DMSO	P14-006	1	K	10	K10	155	NULL	NULL	NULL	NULL	NA	NULL	NULL	NULL	NULL	NA	NULL	NA	NA	NA	NA	NA	NA	NA	NA	NA	NA	NA
20210125_BG	20200120	RBN012759	1	uM	DMSO	P14-006	1	L	10	L10	156	NULL	NULL	NULL	NULL	NA	NULL	NULL	NULL	NULL	NA	NULL	NA	NA	NA	NA	NA	NA	NA	NA	NA	NA	NA
20210125_BG	20200120	RBN012759	1	uM	DMSO	P14-006	1	M	10	M10	157	NULL	NULL	NULL	NULL	NA	NULL	NULL	NULL	NULL	NA	NULL	NA	NA	NA	NA	NA	NA	NA	NA	NA	NA	NA
20210125_BG	20200120	RBN012759	1	uM	DMSO	P14-006	1	N	10	N10	158	NULL	NULL	NULL	NULL	NA	NULL	NULL	NULL	NULL	NA	NULL	NA	NA	NA	NA	NA	NA	NA	NA	NA	NA	NA
20210125_BG	20200120	RBN012759	1	uM	DMSO	P14-006	1	O	10	O10	159	NULL	NULL	NULL	NULL	NA	NULL	NULL	NULL	NULL	NA	NULL	NA	NA	NA	NA	NA	NA	NA	NA	NA	NA	NA
20210125_BG	20200120	RBN012759	1	uM	DMSO	P14-006	1	P	10	P10	160	NULL	NULL	NULL	NULL	NA	NULL	NULL	NULL	NULL	NA	NULL	NA	NA	NA	NA	NA	NA	NA	NA	NA	NA	NA
20210125_BG	20200120	RBN012759	1	uM	DMSO	P14-006	1	A	11	A11	161	H1373-Cas9	Rep_2	Acute	hIFNgamma	0	ng/ml	24hr	Experiment	RBN2759	1	uM	Sample1-8	3285.6712758668523	9.0689165630421513	29.85210110335619	6.233546023	37.255064767344237	13.25686164	16.00541918	1.8869784057129271	2.9337530441924287	11.844207665101756
20210125_BG	20200120	RBN012759	1	uM	DMSO	P14-006	1	B	11	B11	162	H1373-Cas9	Rep_2	Acute	hIFNgamma	0	ng/ml	24hr	Experiment	RBN2759	1	uM	Sample2-8	2945.7316885886689	9.9592056949361805	28.082466988238213	3.100406619	34.535468789365154	11.71569885	19.15759123	"NA"	4.1396602489758445	1.8862803792952696
20210125_BG	20200120	RBN012759	1	uM	DMSO	P14-006	1	C	11	C11	163	H1373-Cas9	Rep_2	Chronic_IFNg_5ng_ml	hIFNgamma	0	ng/ml	24hr	Experiment	RBN2759	1	uM	Sample3-8	1640.5113789091799	21.803086738079113	25.087616584299067	1.969954813	19.474553701905982	12.65641487	12.85037083	21.443727808445736	"NA"	"NA"
20210125_BG	20200120	RBN012759	1	uM	DMSO	P14-006	1	D	11	D11	164	H1373-Cas9	Rep_2	Chronic_IFNg_5ng_ml	hIFNgamma	0	ng/ml	24hr	Experiment	RBN2759	1	uM	Sample4-8	1973.9653858985948	8.4260383061111526	18.31666021358425	4.638488049	34.476150129640743	18.42220566	13.03343241	10.016089474174576	"NA"	2.3349143601246687
20210125_BG	20200120	RBN012759	1	uM	DMSO	P14-006	1	E	11	E11	165	CFPAC1-Cas9	Rep_2	Acute	hIFNgamma	0	ng/ml	24hr	Experiment	RBN2759	1	uM	Sample5-8	406.23596445132955	51.630547835931694	149.93359955930191	4.898864111	7.9217252177028055	10.06816983	20.09479852	5.269697417603167	2.0288818115050149	"NA"
20210125_BG	20200120	RBN012759	1	uM	DMSO	P14-006	1	F	11	F11	166	CFPAC1-Cas9	Rep_2	Acute	hIFNgamma	0	ng/ml	24hr	Experiment	RBN2759	1	uM	Sample6-8	377.66892817347292	22.876992886130907	198.60608754037094	4.261956802	19.443321512584465	8.378239899	27.39135637	19.607041430996588	2.7881669264423397	13.01879585259179
20210125_BG	20200120	RBN012759	1	uM	DMSO	P14-006	1	G	11	G11	167	CFPAC1-Cas9	Rep_2	Chronic_IFNg_1ng_ml	hIFNgamma	0	ng/ml	24hr	Experiment	RBN2759	1	uM	Sample7-8	677.75138900358138	28.287015631486543	200.98339907118824	4.267521445	51.184992666861142	13.36338328	14.21394905	"NA"	1.3468845200986523	33.383686720553364
20210125_BG	20200120	RBN012759	1	uM	DMSO	P14-006	1	H	11	H11	168	CFPAC1-Cas9	Rep_2	Chronic_IFNg_1ng_ml	hIFNgamma	0	ng/ml	24hr	Experiment	RBN2759	1	uM	Sample8-8	857.22760660847155	15.081406745147657	360.66030959173668	3.934067186	11.82540817748154	10.94575801	8.624849841	"NA"	2.6909000308916475	"NA"
20210125_BG	20200120	RBN012759	1	uM	DMSO	P14-006	1	I	11	I11	169	NULL	NULL	NULL	NULL	NA	NULL	NULL	NULL	NULL	NA	NULL	NA	NA	NA	NA	NA	NA	NA	NA	NA	NA	NA
20210125_BG	20200120	RBN012759	1	uM	DMSO	P14-006	1	J	11	J11	170	NULL	NULL	NULL	NULL	NA	NULL	NULL	NULL	NULL	NA	NULL	NA	NA	NA	NA	NA	NA	NA	NA	NA	NA	NA
20210125_BG	20200120	RBN012759	1	uM	DMSO	P14-006	1	K	11	K11	171	NULL	NULL	NULL	NULL	NA	NULL	NULL	NULL	NULL	NA	NULL	NA	NA	NA	NA	NA	NA	NA	NA	NA	NA	NA
20210125_BG	20200120	RBN012759	1	uM	DMSO	P14-006	1	L	11	L11	172	NULL	NULL	NULL	NULL	NA	NULL	NULL	NULL	NULL	NA	NULL	NA	NA	NA	NA	NA	NA	NA	NA	NA	NA	NA
20210125_BG	20200120	RBN012759	1	uM	DMSO	P14-006	1	M	11	M11	173	NULL	NULL	NULL	NULL	NA	NULL	NULL	NULL	NULL	NA	NULL	NA	NA	NA	NA	NA	NA	NA	NA	NA	NA	NA
20210125_BG	20200120	RBN012759	1	uM	DMSO	P14-006	1	N	11	N11	174	NULL	NULL	NULL	NULL	NA	NULL	NULL	NULL	NULL	NA	NULL	NA	NA	NA	NA	NA	NA	NA	NA	NA	NA	NA
20210125_BG	20200120	RBN012759	1	uM	DMSO	P14-006	1	O	11	O11	175	NULL	NULL	NULL	NULL	NA	NULL	NULL	NULL	NULL	NA	NULL	NA	NA	NA	NA	NA	NA	NA	NA	NA	NA	NA
20210125_BG	20200120	RBN012759	1	uM	DMSO	P14-006	1	P	11	P11	176	NULL	NULL	NULL	NULL	NA	NULL	NULL	NULL	NULL	NA	NULL	NA	NA	NA	NA	NA	NA	NA	NA	NA	NA	NA
20210125_BG	20200120	RBN012759	1	uM	DMSO	P14-006	1	A	12	A12	177	H1373-Cas9	Rep_3	Acute	hIFNgamma	0	ng/ml	24hr	Experiment	RBN2759	1	uM	Sample1-9	2610.5651595066447	24.89373460888006	27.576555185403969	1.873668971	50.940627889228018	13.01127234	8.422487374	"NA"	"NA"	"NA"
20210125_BG	20200120	RBN012759	1	uM	DMSO	P14-006	1	B	12	B12	178	H1373-Cas9	Rep_3	Acute	hIFNgamma	0	ng/ml	24hr	Experiment	RBN2759	1	uM	Sample2-9	2481.0233521432856	17.79091925278858	27.217444677492288	3.08433299	20.403961907140193	10.15302721	8.937479924	1.1000563412461137	4.1290011853239958	"NA"
20210125_BG	20200120	RBN012759	1	uM	DMSO	P14-006	1	C	12	C12	179	H1373-Cas9	Rep_3	Chronic_IFNg_5ng_ml	hIFNgamma	0	ng/ml	24hr	Experiment	RBN2759	1	uM	Sample3-9	1785.2632359788613	21.021397269388313	20.260904607567355	3.622962711	13.518366578098766	9.012747855	7.81301071	"NA"	1.4882950863128006	8.426928957478637
20210125_BG	20200120	RBN012759	1	uM	DMSO	P14-006	1	D	12	D12	180	H1373-Cas9	Rep_3	Chronic_IFNg_5ng_ml	hIFNgamma	0	ng/ml	24hr	Experiment	RBN2759	1	uM	Sample4-9	1446.1031126855862	12.362024521501013	22.392363525851394	4.073484053	35.700766482182566	11.58385372	16.46422636	2.540286079035726	4.2704349096775589	17.127606821899676
20210125_BG	20200120	RBN012759	1	uM	DMSO	P14-006	1	E	12	E12	181	CFPAC1-Cas9	Rep_3	Acute	hIFNgamma	0	ng/ml	24hr	Experiment	RBN2759	1	uM	Sample5-9	387.15377338908655	17.960516239364548	130.78884577273365	3.448894397	"NA"	2.62603184	10.76073263	"NA"	1.5894242626584418	4.2337414459216056
20210125_BG	20200120	RBN012759	1	uM	DMSO	P14-006	1	F	12	F12	182	CFPAC1-Cas9	Rep_3	Acute	hIFNgamma	0	ng/ml	24hr	Experiment	RBN2759	1	uM	Sample6-9	389.68997251506306	22.127869612723998	212.12710386004105	4.384045352	10.571412725029926	8.098656118	13.68758718	4.3833369974066709	3.4814153813911881	1.3446390438407951
20210125_BG	20200120	RBN012759	1	uM	DMSO	P14-006	1	G	12	G12	183	CFPAC1-Cas9	Rep_3	Chronic_IFNg_1ng_ml	hIFNgamma	0	ng/ml	24hr	Experiment	RBN2759	1	uM	Sample7-9	705.96619243240877	15.709551875035125	314.60836041718409	6.225660954	1.8788759958782653	6.812916222	16.57095124	"NA"	3.6474599498029558	"NA"
20210125_BG	20200120	RBN012759	1	uM	DMSO	P14-006	1	H	12	H12	184	CFPAC1-Cas9	Rep_3	Chronic_IFNg_1ng_ml	hIFNgamma	0	ng/ml	24hr	Experiment	RBN2759	1	uM	Sample8-9	951.5637059216732	12.414132646650955	293.41815281440461	4.291252522	"NA"	5.713769388	11.80043614	"NA"	0.63208142693607539	6.6164993083975672
20210125_BG	20200120	RBN012759	1	uM	DMSO	P14-006	1	I	12	I12	185	NULL	NULL	NULL	NULL	NA	NULL	NULL	NULL	NULL	NA	NULL	NA	NA	NA	NA	NA	NA	NA	NA	NA	NA	NA
20210125_BG	20200120	RBN012759	1	uM	DMSO	P14-006	1	J	12	J12	186	NULL	NULL	NULL	NULL	NA	NULL	NULL	NULL	NULL	NA	NULL	NA	NA	NA	NA	NA	NA	NA	NA	NA	NA	NA
20210125_BG	20200120	RBN012759	1	uM	DMSO	P14-006	1	K	12	K12	187	NULL	NULL	NULL	NULL	NA	NULL	NULL	NULL	NULL	NA	NULL	NA	NA	NA	NA	NA	NA	NA	NA	NA	NA	NA
20210125_BG	20200120	RBN012759	1	uM	DMSO	P14-006	1	L	12	L12	188	NULL	NULL	NULL	NULL	NA	NULL	NULL	NULL	NULL	NA	NULL	NA	NA	NA	NA	NA	NA	NA	NA	NA	NA	NA
20210125_BG	20200120	RBN012759	1	uM	DMSO	P14-006	1	M	12	M12	189	NULL	NULL	NULL	NULL	NA	NULL	NULL	NULL	NULL	NA	NULL	NA	NA	NA	NA	NA	NA	NA	NA	NA	NA	NA
20210125_BG	20200120	RBN012759	1	uM	DMSO	P14-006	1	N	12	N12	190	NULL	NULL	NULL	NULL	NA	NULL	NULL	NULL	NULL	NA	NULL	NA	NA	NA	NA	NA	NA	NA	NA	NA	NA	NA
20210125_BG	20200120	RBN012759	1	uM	DMSO	P14-006	1	O	12	O12	191	NULL	NULL	NULL	NULL	NA	NULL	NULL	NULL	NULL	NA	NULL	NA	NA	NA	NA	NA	NA	NA	NA	NA	NA	NA
20210125_BG	20200120	RBN012759	1	uM	DMSO	P14-006	1	P	12	P12	192	NULL	NULL	NULL	NULL	NA	NULL	NULL	NULL	NULL	NA	NULL	NA	NA	NA	NA	NA	NA	NA	NA	NA	NA	NA
20210125_BG	20200120	RBN012759	1	uM	DMSO	P14-006	1	A	13	A13	193	H1373-Cas9	Rep_1	Acute	hIFNgamma	1	ng/ml	24hr	Experiment	RBN2759	1	uM	Sample1-10	2901.6879519990694	2.1530099544333958	43.461237388558395	2.828905864	"NA"	12.90660691	14.4113365	6.0773145115838325	0.35753785405346283	"NA"
20210125_BG	20200120	RBN012759	1	uM	DMSO	P14-006	1	B	13	B13	194	H1373-Cas9	Rep_1	Acute	hIFNgamma	1	ng/ml	24hr	Experiment	RBN2759	1	uM	Sample2-10	2708.3264308247922	26.398297332000638	30.99454716471007	3.282940547	9.6447653334255978	12.24705402	10.17485862	13.325123713722634	1.8326480801132856	21.114063819591532
20210125_BG	20200120	RBN012759	1	uM	DMSO	P14-006	1	C	13	C13	195	H1373-Cas9	Rep_1	Chronic_IFNg_5ng_ml	hIFNgamma	1	ng/ml	24hr	Experiment	RBN2759	1	uM	Sample3-10	1747.3572708646664	"NA"	21.366006047214235	2.189603272	34.418625652086376	10.35154053	14.57892251	6.0391927842807656	1.7236077731166564	9.6939563298778904
20210125_BG	20200120	RBN012759	1	uM	DMSO	P14-006	1	D	13	D13	196	H1373-Cas9	Rep_1	Chronic_IFNg_5ng_ml	hIFNgamma	1	ng/ml	24hr	Experiment	RBN2759	1	uM	Sample4-10	1411.0253250867338	13.103676137246179	20.838048012407665	4.581245875	10.455043314894255	7.430790245	8.272302228	7.0327012095715968	1.1688685280398368	16.280453569637096
20210125_BG	20200120	RBN012759	1	uM	DMSO	P14-006	1	E	13	E13	197	CFPAC1-Cas9	Rep_1	Acute	hIFNgamma	1	ng/ml	24hr	Experiment	RBN2759	1	uM	Sample5-10	406.70654720479592	15.636783381762479	258.08279946364331	2.926850307	"NA"	6.206024307	10.0695271	1.4779892723857337	1.0592696800594545	20.968574522005301
20210125_BG	20200120	RBN012759	1	uM	DMSO	P14-006	1	F	13	F13	198	CFPAC1-Cas9	Rep_1	Acute	hIFNgamma	1	ng/ml	24hr	Experiment	RBN2759	1	uM	Sample6-10	367.64192631443763	12.497423574501063	274.60001671094085	4.239758344	"NA"	8.373843344	13.01229394	"NA"	1.3670232213954314	21.004974447568596
20210125_BG	20200120	RBN012759	1	uM	DMSO	P14-006	1	G	13	G13	199	CFPAC1-Cas9	Rep_1	Chronic_IFNg_1ng_ml	hIFNgamma	1	ng/ml	24hr	Experiment	RBN2759	1	uM	Sample7-10	728.41154761926475	22.313360563277257	291.67448817328665	2.176044578	10.283772004307943	7.235162199	10.83431474	2.7036942985075951	5.479617027627083	15.117051019949795
20210125_BG	20200120	RBN012759	1	uM	DMSO	P14-006	1	H	13	H13	200	CFPAC1-Cas9	Rep_1	Chronic_IFNg_1ng_ml	hIFNgamma	1	ng/ml	24hr	Experiment	RBN2759	1	uM	Sample8-10	906.76472103933736	10.884968598721748	354.5001460776914	4.021394673	"NA"	8.951517936	17.16776641	"NA"	"NA"	"NA"
20210125_BG	20200120	RBN012759	1	uM	DMSO	P14-006	1	I	13	I13	201	NULL	NULL	NULL	NULL	NA	NULL	NULL	NULL	NULL	NA	NULL	NA	NA	NA	NA	NA	NA	NA	NA	NA	NA	NA
20210125_BG	20200120	RBN012759	1	uM	DMSO	P14-006	1	J	13	J13	202	NULL	NULL	NULL	NULL	NA	NULL	NULL	NULL	NULL	NA	NULL	NA	NA	NA	NA	NA	NA	NA	NA	NA	NA	NA
20210125_BG	20200120	RBN012759	1	uM	DMSO	P14-006	1	K	13	K13	203	NULL	NULL	NULL	NULL	NA	NULL	NULL	NULL	NULL	NA	NULL	NA	NA	NA	NA	NA	NA	NA	NA	NA	NA	NA
20210125_BG	20200120	RBN012759	1	uM	DMSO	P14-006	1	L	13	L13	204	NULL	NULL	NULL	NULL	NA	NULL	NULL	NULL	NULL	NA	NULL	NA	NA	NA	NA	NA	NA	NA	NA	NA	NA	NA
20210125_BG	20200120	RBN012759	1	uM	DMSO	P14-006	1	M	13	M13	205	NULL	NULL	NULL	NULL	NA	NULL	NULL	NULL	NULL	NA	NULL	NA	NA	NA	NA	NA	NA	NA	NA	NA	NA	NA
20210125_BG	20200120	RBN012759	1	uM	DMSO	P14-006	1	N	13	N13	206	NULL	NULL	NULL	NULL	NA	NULL	NULL	NULL	NULL	NA	NULL	NA	NA	NA	NA	NA	NA	NA	NA	NA	NA	NA
20210125_BG	20200120	RBN012759	1	uM	DMSO	P14-006	1	O	13	O13	207	NULL	NULL	NULL	NULL	NA	NULL	NULL	NULL	NULL	NA	NULL	NA	NA	NA	NA	NA	NA	NA	NA	NA	NA	NA
20210125_BG	20200120	RBN012759	1	uM	DMSO	P14-006	1	P	13	P13	208	NULL	NULL	NULL	NULL	NA	NULL	NULL	NULL	NULL	NA	NULL	NA	NA	NA	NA	NA	NA	NA	NA	NA	NA	NA
20210125_BG	20200120	RBN012759	1	uM	DMSO	P14-006	1	A	14	A14	209	H1373-Cas9	Rep_2	Acute	hIFNgamma	1	ng/ml	24hr	Experiment	RBN2759	1	uM	Sample1-11	2385.5321055868858	16.085146309459475	33.861171863106421	2.71363238	23.485614933560008	10.54374052	24.85996265	1.8605375373457709	6.6827698411354222	8.8979345205477873
20210125_BG	20200120	RBN012759	1	uM	DMSO	P14-006	1	B	14	B14	210	H1373-Cas9	Rep_2	Acute	hIFNgamma	1	ng/ml	24hr	Experiment	RBN2759	1	uM	Sample2-11	2387.2516118875492	16.209093738645528	30.383078735234204	3.929979673	5.5342798964502879	9.367110652	16.36559969	12.3590037551119	4.1724210406605069	11.611608322001144
20210125_BG	20200120	RBN012759	1	uM	DMSO	P14-006	1	C	14	C14	211	H1373-Cas9	Rep_2	Chronic_IFNg_5ng_ml	hIFNgamma	1	ng/ml	24hr	Experiment	RBN2759	1	uM	Sample3-11	1573.3052740534677	14.494468123422239	24.660819574717106	3.830624163	22.125266627291609	11.60023241	7.519757251	4.5856256744457138	"NA"	3.91283546607364
20210125_BG	20200120	RBN012759	1	uM	DMSO	P14-006	1	D	14	D14	212	H1373-Cas9	Rep_2	Chronic_IFNg_5ng_ml	hIFNgamma	1	ng/ml	24hr	Experiment	RBN2759	1	uM	Sample4-11	1352.0184086405457	2.736676047570711	23.377633948569649	3.86180047	10.843648018493749	6.356051654	10.30813005	"NA"	3.93145523029317	25.653414264379581
20210125_BG	20200120	RBN012759	1	uM	DMSO	P14-006	1	E	14	E14	213	CFPAC1-Cas9	Rep_2	Acute	hIFNgamma	1	ng/ml	24hr	Experiment	RBN2759	1	uM	Sample5-11	372.6342200753993	16.25357582321686	198.99661164025031	4.863526316	0.58493131779820229	5.839608043	10.19575694	2.535285209791041	4.6332325653743984	15.739044024357009
20210125_BG	20200120	RBN012759	1	uM	DMSO	P14-006	1	F	14	F14	214	CFPAC1-Cas9	Rep_2	Acute	hIFNgamma	1	ng/ml	24hr	Experiment	RBN2759	1	uM	Sample6-11	405.95351814378409	26.635462672231281	191.29415306964347	3.570571346	34.54296889514039	5.428069608	6.706124952	5.5255031007048139	5.0414170356527102	1.3697329831690546
20210125_BG	20200120	RBN012759	1	uM	DMSO	P14-006	1	G	14	G14	215	CFPAC1-Cas9	Rep_2	Chronic_IFNg_1ng_ml	hIFNgamma	1	ng/ml	24hr	Experiment	RBN2759	1	uM	Sample7-11	676.68116336720846	13.15407845045795	213.685100424361	0.9124507307	"NA"	7.987139673	18.94439362	1.898508143045003	6.3146862903330199	12.616275973099878
20210125_BG	20200120	RBN012759	1	uM	DMSO	P14-006	1	H	14	H14	216	CFPAC1-Cas9	Rep_2	Chronic_IFNg_1ng_ml	hIFNgamma	1	ng/ml	24hr	Experiment	RBN2759	1	uM	Sample8-11	909.73814356040214	18.793045013732257	358.12759558881635	4.238594992	39.825555374165234	4.46594248	16.318229	3.8354410693431999	2.6925251143553495	20.921790943590565
20210125_BG	20200120	RBN012759	1	uM	DMSO	P14-006	1	I	14	I14	217	NULL	NULL	NULL	NULL	NA	NULL	NULL	NULL	NULL	NA	NULL	NA	NA	NA	NA	NA	NA	NA	NA	NA	NA	NA
20210125_BG	20200120	RBN012759	1	uM	DMSO	P14-006	1	J	14	J14	218	NULL	NULL	NULL	NULL	NA	NULL	NULL	NULL	NULL	NA	NULL	NA	NA	NA	NA	NA	NA	NA	NA	NA	NA	NA
20210125_BG	20200120	RBN012759	1	uM	DMSO	P14-006	1	K	14	K14	219	NULL	NULL	NULL	NULL	NA	NULL	NULL	NULL	NULL	NA	NULL	NA	NA	NA	NA	NA	NA	NA	NA	NA	NA	NA
20210125_BG	20200120	RBN012759	1	uM	DMSO	P14-006	1	L	14	L14	220	NULL	NULL	NULL	NULL	NA	NULL	NULL	NULL	NULL	NA	NULL	NA	NA	NA	NA	NA	NA	NA	NA	NA	NA	NA
20210125_BG	20200120	RBN012759	1	uM	DMSO	P14-006	1	M	14	M14	221	NULL	NULL	NULL	NULL	NA	NULL	NULL	NULL	NULL	NA	NULL	NA	NA	NA	NA	NA	NA	NA	NA	NA	NA	NA
20210125_BG	20200120	RBN012759	1	uM	DMSO	P14-006	1	N	14	N14	222	NULL	NULL	NULL	NULL	NA	NULL	NULL	NULL	NULL	NA	NULL	NA	NA	NA	NA	NA	NA	NA	NA	NA	NA	NA
20210125_BG	20200120	RBN012759	1	uM	DMSO	P14-006	1	O	14	O14	223	NULL	NULL	NULL	NULL	NA	NULL	NULL	NULL	NULL	NA	NULL	NA	NA	NA	NA	NA	NA	NA	NA	NA	NA	NA
20210125_BG	20200120	RBN012759	1	uM	DMSO	P14-006	1	P	14	P14	224	NULL	NULL	NULL	NULL	NA	NULL	NULL	NULL	NULL	NA	NULL	NA	NA	NA	NA	NA	NA	NA	NA	NA	NA	NA
20210125_BG	20200120	RBN012759	1	uM	DMSO	P14-006	1	A	15	A15	225	H1373-Cas9	Rep_3	Acute	hIFNgamma	1	ng/ml	24hr	Experiment	RBN2759	1	uM	Sample1-12	2861.466603944717	17.563707053837877	36.658643974992444	5.536047267	101.65376254352495	11.52100928	15.24538002	"NA"	4.6531036420501417	16.073277338199631
20210125_BG	20200120	RBN012759	1	uM	DMSO	P14-006	1	B	15	B15	226	H1373-Cas9	Rep_3	Acute	hIFNgamma	1	ng/ml	24hr	Experiment	RBN2759	1	uM	Sample2-12	2244.5245803534708	18.528740698066851	37.218462292630157	3.192629185	5.6981300988045973	15.03921343	24.45897188	2.5233604779144332	2.5830965699008557	"NA"
20210125_BG	20200120	RBN012759	1	uM	DMSO	P14-006	1	C	15	C15	227	H1373-Cas9	Rep_3	Chronic_IFNg_5ng_ml	hIFNgamma	1	ng/ml	24hr	Experiment	RBN2759	1	uM	Sample3-12	1409.4633320118216	17.62758031043187	25.670296247133198	4.433330874	58.367821330585151	17.31825744	16.80013058	5.4954125954070498	1.7347663820725157	7.8896184242862635
20210125_BG	20200120	RBN012759	1	uM	DMSO	P14-006	1	D	15	D15	228	H1373-Cas9	Rep_3	Chronic_IFNg_5ng_ml	hIFNgamma	1	ng/ml	24hr	Experiment	RBN2759	1	uM	Sample4-12	1812.1580137352701	30.283524220145239	17.713887304091763	4.466896343	33.157792558370687	14.33546405	16.35917607	8.2809353975995688	3.5436161238417787	10.284550757948027
20210125_BG	20200120	RBN012759	1	uM	DMSO	P14-006	1	E	15	E15	229	CFPAC1-Cas9	Rep_3	Acute	hIFNgamma	1	ng/ml	24hr	Experiment	RBN2759	1	uM	Sample5-12	364.6935266978482	15.678211073108127	193.65820635485375	4.385719057	27.413266271816507	6.288459241	11.1804143	5.820498475585941	"NA"	5.3988925852222183
20210125_BG	20200120	RBN012759	1	uM	DMSO	P14-006	1	F	15	F15	230	CFPAC1-Cas9	Rep_3	Acute	hIFNgamma	1	ng/ml	24hr	Experiment	RBN2759	1	uM	Sample6-12	391.15661767961433	9.0787343779738396	188.39928898752069	5.570149433	15.712485051947752	4.785878291	8.270481621	1.3421691994106688	2.783644160724311	22.490205499426221
20210125_BG	20200120	RBN012759	1	uM	DMSO	P14-006	1	G	15	G15	231	CFPAC1-Cas9	Rep_3	Chronic_IFNg_1ng_ml	hIFNgamma	1	ng/ml	24hr	Experiment	RBN2759	1	uM	Sample7-12	636.85382842219178	17.116286665104973	300.10349951019384	4.189043209	21.362536208734138	10.00423808	13.39558294	4.2175602424345664	0.83555687682237512	2.3748681948101225
20210125_BG	20200120	RBN012759	1	uM	DMSO	P14-006	1	H	15	H15	232	CFPAC1-Cas9	Rep_3	Chronic_IFNg_1ng_ml	hIFNgamma	1	ng/ml	24hr	Experiment	RBN2759	1	uM	Sample8-12	819.51825884385346	"NA"	433.60298330746838	1.953212487	26.942694472734544	5.518527594	8.220026159	"NA"	4.1639576914934215	11.125295082083397
20210125_BG	20200120	RBN012759	1	uM	DMSO	P14-006	1	I	15	I15	233	NULL	NULL	NULL	NULL	NA	NULL	NULL	NULL	NULL	NA	NULL	NA	NA	NA	NA	NA	NA	NA	NA	NA	NA	NA
20210125_BG	20200120	RBN012759	1	uM	DMSO	P14-006	1	J	15	J15	234	NULL	NULL	NULL	NULL	NA	NULL	NULL	NULL	NULL	NA	NULL	NA	NA	NA	NA	NA	NA	NA	NA	NA	NA	NA
20210125_BG	20200120	RBN012759	1	uM	DMSO	P14-006	1	K	15	K15	235	NULL	NULL	NULL	NULL	NA	NULL	NULL	NULL	NULL	NA	NULL	NA	NA	NA	NA	NA	NA	NA	NA	NA	NA	NA
20210125_BG	20200120	RBN012759	1	uM	DMSO	P14-006	1	L	15	L15	236	NULL	NULL	NULL	NULL	NA	NULL	NULL	NULL	NULL	NA	NULL	NA	NA	NA	NA	NA	NA	NA	NA	NA	NA	NA
20210125_BG	20200120	RBN012759	1	uM	DMSO	P14-006	1	M	15	M15	237	NULL	NULL	NULL	NULL	NA	NULL	NULL	NULL	NULL	NA	NULL	NA	NA	NA	NA	NA	NA	NA	NA	NA	NA	NA
20210125_BG	20200120	RBN012759	1	uM	DMSO	P14-006	1	N	15	N15	238	NULL	NULL	NULL	NULL	NA	NULL	NULL	NULL	NULL	NA	NULL	NA	NA	NA	NA	NA	NA	NA	NA	NA	NA	NA
20210125_BG	20200120	RBN012759	1	uM	DMSO	P14-006	1	O	15	O15	239	NULL	NULL	NULL	NULL	NA	NULL	NULL	NULL	NULL	NA	NULL	NA	NA	NA	NA	NA	NA	NA	NA	NA	NA	NA
20210125_BG	20200120	RBN012759	1	uM	DMSO	P14-006	1	P	15	P15	240	NULL	NULL	NULL	NULL	NA	NULL	NULL	NULL	NULL	NA	NULL	NA	NA	NA	NA	NA	NA	NA	NA	NA	NA	NA
20210125_BG	20200120	RBN012759	1	uM	DMSO	P14-006	1	A	16	A16	241	NULL	NULL	NULL	NULL	NA	NULL	NULL	NULL	NULL	NA	NULL	NA	NA	NA	NA	NA	NA	NA	NA	NA	NA	NA
20210125_BG	20200120	RBN012759	1	uM	DMSO	P14-006	1	B	16	B16	242	NULL	NULL	NULL	NULL	NA	NULL	NULL	NULL	NULL	NA	NULL	NA	NA	NA	NA	NA	NA	NA	NA	NA	NA	NA
20210125_BG	20200120	RBN012759	1	uM	DMSO	P14-006	1	C	16	C16	243	NULL	NULL	NULL	NULL	NA	NULL	NULL	NULL	NULL	NA	NULL	NA	NA	NA	NA	NA	NA	NA	NA	NA	NA	NA
20210125_BG	20200120	RBN012759	1	uM	DMSO	P14-006	1	D	16	D16	244	NULL	NULL	NULL	NULL	NA	NULL	NULL	NULL	NULL	NA	NULL	NA	NA	NA	NA	NA	NA	NA	NA	NA	NA	NA
20210125_BG	20200120	RBN012759	1	uM	DMSO	P14-006	1	E	16	E16	245	NULL	NULL	NULL	NULL	NA	NULL	NULL	NULL	NULL	NA	NULL	NA	NA	NA	NA	NA	NA	NA	NA	NA	NA	NA
20210125_BG	20200120	RBN012759	1	uM	DMSO	P14-006	1	F	16	F16	246	NULL	NULL	NULL	NULL	NA	NULL	NULL	NULL	NULL	NA	NULL	NA	NA	NA	NA	NA	NA	NA	NA	NA	NA	NA
20210125_BG	20200120	RBN012759	1	uM	DMSO	P14-006	1	G	16	G16	247	NULL	NULL	NULL	NULL	NA	NULL	NULL	NULL	NULL	NA	NULL	NA	NA	NA	NA	NA	NA	NA	NA	NA	NA	NA
20210125_BG	20200120	RBN012759	1	uM	DMSO	P14-006	1	H	16	H16	248	NULL	NULL	NULL	NULL	NA	NULL	NULL	NULL	NULL	NA	NULL	NA	NA	NA	NA	NA	NA	NA	NA	NA	NA	NA
20210125_BG	20200120	RBN012759	1	uM	DMSO	P14-006	1	I	16	I16	249	NULL	NULL	NULL	NULL	NA	NULL	NULL	NULL	NULL	NA	NULL	NA	NA	NA	NA	NA	NA	NA	NA	NA	NA	NA
20210125_BG	20200120	RBN012759	1	uM	DMSO	P14-006	1	J	16	J16	250	NULL	NULL	NULL	NULL	NA	NULL	NULL	NULL	NULL	NA	NULL	NA	NA	NA	NA	NA	NA	NA	NA	NA	NA	NA
20210125_BG	20200120	RBN012759	1	uM	DMSO	P14-006	1	K	16	K16	251	NULL	NULL	NULL	NULL	NA	NULL	NULL	NULL	NULL	NA	NULL	NA	NA	NA	NA	NA	NA	NA	NA	NA	NA	NA
20210125_BG	20200120	RBN012759	1	uM	DMSO	P14-006	1	L	16	L16	252	NULL	NULL	NULL	NULL	NA	NULL	NULL	NULL	NULL	NA	NULL	NA	NA	NA	NA	NA	NA	NA	NA	NA	NA	NA
20210125_BG	20200120	RBN012759	1	uM	DMSO	P14-006	1	M	16	M16	253	NULL	NULL	NULL	NULL	NA	NULL	NULL	NULL	NULL	NA	NULL	NA	NA	NA	NA	NA	NA	NA	NA	NA	NA	NA
20210125_BG	20200120	RBN012759	1	uM	DMSO	P14-006	1	N	16	N16	254	NULL	NULL	NULL	NULL	NA	NULL	NULL	NULL	NULL	NA	NULL	NA	NA	NA	NA	NA	NA	NA	NA	NA	NA	NA
20210125_BG	20200120	RBN012759	1	uM	DMSO	P14-006	1	O	16	O16	255	NULL	NULL	NULL	NULL	NA	NULL	NULL	NULL	NULL	NA	NULL	NA	NA	NA	NA	NA	NA	NA	NA	NA	NA	NA
20210125_BG	20200120	RBN012759	1	uM	DMSO	P14-006	1	P	16	P16	256	NULL	NULL	NULL	NULL	NA	NULL	NULL	NULL	NULL	NA	NULL	NA	NA	NA	NA	NA	NA	NA	NA	NA	NA	NA
20210125_BG	20200120	RBN012759	1	uM	DMSO	P14-006	1	A	17	A17	257	NULL	NULL	NULL	NULL	NA	NULL	NULL	NULL	NULL	NA	NULL	NA	NA	NA	NA	NA	NA	NA	NA	NA	NA	NA
20210125_BG	20200120	RBN012759	1	uM	DMSO	P14-006	1	B	17	B17	258	NULL	NULL	NULL	NULL	NA	NULL	NULL	NULL	NULL	NA	NULL	NA	NA	NA	NA	NA	NA	NA	NA	NA	NA	NA
20210125_BG	20200120	RBN012759	1	uM	DMSO	P14-006	1	C	17	C17	259	NULL	NULL	NULL	NULL	NA	NULL	NULL	NULL	NULL	NA	NULL	NA	NA	NA	NA	NA	NA	NA	NA	NA	NA	NA
20210125_BG	20200120	RBN012759	1	uM	DMSO	P14-006	1	D	17	D17	260	NULL	NULL	NULL	NULL	NA	NULL	NULL	NULL	NULL	NA	NULL	NA	NA	NA	NA	NA	NA	NA	NA	NA	NA	NA
20210125_BG	20200120	RBN012759	1	uM	DMSO	P14-006	1	E	17	E17	261	NULL	NULL	NULL	NULL	NA	NULL	NULL	NULL	NULL	NA	NULL	NA	NA	NA	NA	NA	NA	NA	NA	NA	NA	NA
20210125_BG	20200120	RBN012759	1	uM	DMSO	P14-006	1	F	17	F17	262	NULL	NULL	NULL	NULL	NA	NULL	NULL	NULL	NULL	NA	NULL	NA	NA	NA	NA	NA	NA	NA	NA	NA	NA	NA
20210125_BG	20200120	RBN012759	1	uM	DMSO	P14-006	1	G	17	G17	263	NULL	NULL	NULL	NULL	NA	NULL	NULL	NULL	NULL	NA	NULL	NA	NA	NA	NA	NA	NA	NA	NA	NA	NA	NA
20210125_BG	20200120	RBN012759	1	uM	DMSO	P14-006	1	H	17	H17	264	NULL	NULL	NULL	NULL	NA	NULL	NULL	NULL	NULL	NA	NULL	NA	NA	NA	NA	NA	NA	NA	NA	NA	NA	NA
20210125_BG	20200120	RBN012759	1	uM	DMSO	P14-006	1	I	17	I17	265	NULL	NULL	NULL	NULL	NA	NULL	NULL	NULL	NULL	NA	NULL	NA	NA	NA	NA	NA	NA	NA	NA	NA	NA	NA
20210125_BG	20200120	RBN012759	1	uM	DMSO	P14-006	1	J	17	J17	266	NULL	NULL	NULL	NULL	NA	NULL	NULL	NULL	NULL	NA	NULL	NA	NA	NA	NA	NA	NA	NA	NA	NA	NA	NA
20210125_BG	20200120	RBN012759	1	uM	DMSO	P14-006	1	K	17	K17	267	NULL	NULL	NULL	NULL	NA	NULL	NULL	NULL	NULL	NA	NULL	NA	NA	NA	NA	NA	NA	NA	NA	NA	NA	NA
20210125_BG	20200120	RBN012759	1	uM	DMSO	P14-006	1	L	17	L17	268	NULL	NULL	NULL	NULL	NA	NULL	NULL	NULL	NULL	NA	NULL	NA	NA	NA	NA	NA	NA	NA	NA	NA	NA	NA
20210125_BG	20200120	RBN012759	1	uM	DMSO	P14-006	1	M	17	M17	269	NULL	NULL	NULL	NULL	NA	NULL	NULL	NULL	NULL	NA	NULL	NA	NA	NA	NA	NA	NA	NA	NA	NA	NA	NA
20210125_BG	20200120	RBN012759	1	uM	DMSO	P14-006	1	N	17	N17	270	NULL	NULL	NULL	NULL	NA	NULL	NULL	NULL	NULL	NA	NULL	NA	NA	NA	NA	NA	NA	NA	NA	NA	NA	NA
20210125_BG	20200120	RBN012759	1	uM	DMSO	P14-006	1	O	17	O17	271	NULL	NULL	NULL	NULL	NA	NULL	NULL	NULL	NULL	NA	NULL	NA	NA	NA	NA	NA	NA	NA	NA	NA	NA	NA
20210125_BG	20200120	RBN012759	1	uM	DMSO	P14-006	1	P	17	P17	272	NULL	NULL	NULL	NULL	NA	NULL	NULL	NULL	NULL	NA	NULL	NA	NA	NA	NA	NA	NA	NA	NA	NA	NA	NA
20210125_BG	20200120	RBN012759	1	uM	DMSO	P14-006	1	A	18	A18	273	NULL	NULL	NULL	NULL	NA	NULL	NULL	NULL	NULL	NA	NULL	NA	NA	NA	NA	NA	NA	NA	NA	NA	NA	NA
20210125_BG	20200120	RBN012759	1	uM	DMSO	P14-006	1	B	18	B18	274	NULL	NULL	NULL	NULL	NA	NULL	NULL	NULL	NULL	NA	NULL	NA	NA	NA	NA	NA	NA	NA	NA	NA	NA	NA
20210125_BG	20200120	RBN012759	1	uM	DMSO	P14-006	1	C	18	C18	275	NULL	NULL	NULL	NULL	NA	NULL	NULL	NULL	NULL	NA	NULL	NA	NA	NA	NA	NA	NA	NA	NA	NA	NA	NA
20210125_BG	20200120	RBN012759	1	uM	DMSO	P14-006	1	D	18	D18	276	NULL	NULL	NULL	NULL	NA	NULL	NULL	NULL	NULL	NA	NULL	NA	NA	NA	NA	NA	NA	NA	NA	NA	NA	NA
20210125_BG	20200120	RBN012759	1	uM	DMSO	P14-006	1	E	18	E18	277	NULL	NULL	NULL	NULL	NA	NULL	NULL	NULL	NULL	NA	NULL	NA	NA	NA	NA	NA	NA	NA	NA	NA	NA	NA
20210125_BG	20200120	RBN012759	1	uM	DMSO	P14-006	1	F	18	F18	278	NULL	NULL	NULL	NULL	NA	NULL	NULL	NULL	NULL	NA	NULL	NA	NA	NA	NA	NA	NA	NA	NA	NA	NA	NA
20210125_BG	20200120	RBN012759	1	uM	DMSO	P14-006	1	G	18	G18	279	NULL	NULL	NULL	NULL	NA	NULL	NULL	NULL	NULL	NA	NULL	NA	NA	NA	NA	NA	NA	NA	NA	NA	NA	NA
20210125_BG	20200120	RBN012759	1	uM	DMSO	P14-006	1	H	18	H18	280	NULL	NULL	NULL	NULL	NA	NULL	NULL	NULL	NULL	NA	NULL	NA	NA	NA	NA	NA	NA	NA	NA	NA	NA	NA
20210125_BG	20200120	RBN012759	1	uM	DMSO	P14-006	1	I	18	I18	281	NULL	NULL	NULL	NULL	NA	NULL	NULL	NULL	NULL	NA	NULL	NA	NA	NA	NA	NA	NA	NA	NA	NA	NA	NA
20210125_BG	20200120	RBN012759	1	uM	DMSO	P14-006	1	J	18	J18	282	NULL	NULL	NULL	NULL	NA	NULL	NULL	NULL	NULL	NA	NULL	NA	NA	NA	NA	NA	NA	NA	NA	NA	NA	NA
20210125_BG	20200120	RBN012759	1	uM	DMSO	P14-006	1	K	18	K18	283	NULL	NULL	NULL	NULL	NA	NULL	NULL	NULL	NULL	NA	NULL	NA	NA	NA	NA	NA	NA	NA	NA	NA	NA	NA
20210125_BG	20200120	RBN012759	1	uM	DMSO	P14-006	1	L	18	L18	284	NULL	NULL	NULL	NULL	NA	NULL	NULL	NULL	NULL	NA	NULL	NA	NA	NA	NA	NA	NA	NA	NA	NA	NA	NA
20210125_BG	20200120	RBN012759	1	uM	DMSO	P14-006	1	M	18	M18	285	NULL	NULL	NULL	NULL	NA	NULL	NULL	NULL	NULL	NA	NULL	NA	NA	NA	NA	NA	NA	NA	NA	NA	NA	NA
20210125_BG	20200120	RBN012759	1	uM	DMSO	P14-006	1	N	18	N18	286	NULL	NULL	NULL	NULL	NA	NULL	NULL	NULL	NULL	NA	NULL	NA	NA	NA	NA	NA	NA	NA	NA	NA	NA	NA
20210125_BG	20200120	RBN012759	1	uM	DMSO	P14-006	1	O	18	O18	287	NULL	NULL	NULL	NULL	NA	NULL	NULL	NULL	NULL	NA	NULL	NA	NA	NA	NA	NA	NA	NA	NA	NA	NA	NA
20210125_BG	20200120	RBN012759	1	uM	DMSO	P14-006	1	P	18	P18	288	NULL	NULL	NULL	NULL	NA	NULL	NULL	NULL	NULL	NA	NULL	NA	NA	NA	NA	NA	NA	NA	NA	NA	NA	NA
20210125_BG	20200120	RBN012759	1	uM	DMSO	P14-006	1	A	19	A19	289	NULL	NULL	NULL	NULL	NA	NULL	NULL	NULL	NULL	NA	NULL	NA	NA	NA	NA	NA	NA	NA	NA	NA	NA	NA
20210125_BG	20200120	RBN012759	1	uM	DMSO	P14-006	1	B	19	B19	290	NULL	NULL	NULL	NULL	NA	NULL	NULL	NULL	NULL	NA	NULL	NA	NA	NA	NA	NA	NA	NA	NA	NA	NA	NA
20210125_BG	20200120	RBN012759	1	uM	DMSO	P14-006	1	C	19	C19	291	NULL	NULL	NULL	NULL	NA	NULL	NULL	NULL	NULL	NA	NULL	NA	NA	NA	NA	NA	NA	NA	NA	NA	NA	NA
20210125_BG	20200120	RBN012759	1	uM	DMSO	P14-006	1	D	19	D19	292	NULL	NULL	NULL	NULL	NA	NULL	NULL	NULL	NULL	NA	NULL	NA	NA	NA	NA	NA	NA	NA	NA	NA	NA	NA
20210125_BG	20200120	RBN012759	1	uM	DMSO	P14-006	1	E	19	E19	293	NULL	NULL	NULL	NULL	NA	NULL	NULL	NULL	NULL	NA	NULL	NA	NA	NA	NA	NA	NA	NA	NA	NA	NA	NA
20210125_BG	20200120	RBN012759	1	uM	DMSO	P14-006	1	F	19	F19	294	NULL	NULL	NULL	NULL	NA	NULL	NULL	NULL	NULL	NA	NULL	NA	NA	NA	NA	NA	NA	NA	NA	NA	NA	NA
20210125_BG	20200120	RBN012759	1	uM	DMSO	P14-006	1	G	19	G19	295	NULL	NULL	NULL	NULL	NA	NULL	NULL	NULL	NULL	NA	NULL	NA	NA	NA	NA	NA	NA	NA	NA	NA	NA	NA
20210125_BG	20200120	RBN012759	1	uM	DMSO	P14-006	1	H	19	H19	296	NULL	NULL	NULL	NULL	NA	NULL	NULL	NULL	NULL	NA	NULL	NA	NA	NA	NA	NA	NA	NA	NA	NA	NA	NA
20210125_BG	20200120	RBN012759	1	uM	DMSO	P14-006	1	I	19	I19	297	NULL	NULL	NULL	NULL	NA	NULL	NULL	NULL	NULL	NA	NULL	NA	NA	NA	NA	NA	NA	NA	NA	NA	NA	NA
20210125_BG	20200120	RBN012759	1	uM	DMSO	P14-006	1	J	19	J19	298	NULL	NULL	NULL	NULL	NA	NULL	NULL	NULL	NULL	NA	NULL	NA	NA	NA	NA	NA	NA	NA	NA	NA	NA	NA
20210125_BG	20200120	RBN012759	1	uM	DMSO	P14-006	1	K	19	K19	299	NULL	NULL	NULL	NULL	NA	NULL	NULL	NULL	NULL	NA	NULL	NA	NA	NA	NA	NA	NA	NA	NA	NA	NA	NA
20210125_BG	20200120	RBN012759	1	uM	DMSO	P14-006	1	L	19	L19	300	NULL	NULL	NULL	NULL	NA	NULL	NULL	NULL	NULL	NA	NULL	NA	NA	NA	NA	NA	NA	NA	NA	NA	NA	NA
20210125_BG	20200120	RBN012759	1	uM	DMSO	P14-006	1	M	19	M19	301	NULL	NULL	NULL	NULL	NA	NULL	NULL	NULL	NULL	NA	NULL	NA	NA	NA	NA	NA	NA	NA	NA	NA	NA	NA
20210125_BG	20200120	RBN012759	1	uM	DMSO	P14-006	1	N	19	N19	302	NULL	NULL	NULL	NULL	NA	NULL	NULL	NULL	NULL	NA	NULL	NA	NA	NA	NA	NA	NA	NA	NA	NA	NA	NA
20210125_BG	20200120	RBN012759	1	uM	DMSO	P14-006	1	O	19	O19	303	NULL	NULL	NULL	NULL	NA	NULL	NULL	NULL	NULL	NA	NULL	NA	NA	NA	NA	NA	NA	NA	NA	NA	NA	NA
20210125_BG	20200120	RBN012759	1	uM	DMSO	P14-006	1	P	19	P19	304	NULL	NULL	NULL	NULL	NA	NULL	NULL	NULL	NULL	NA	NULL	NA	NA	NA	NA	NA	NA	NA	NA	NA	NA	NA
20210125_BG	20200120	RBN012759	1	uM	DMSO	P14-006	1	A	20	A20	305	NULL	NULL	NULL	NULL	NA	NULL	NULL	NULL	NULL	NA	NULL	NA	NA	NA	NA	NA	NA	NA	NA	NA	NA	NA
20210125_BG	20200120	RBN012759	1	uM	DMSO	P14-006	1	B	20	B20	306	NULL	NULL	NULL	NULL	NA	NULL	NULL	NULL	NULL	NA	NULL	NA	NA	NA	NA	NA	NA	NA	NA	NA	NA	NA
20210125_BG	20200120	RBN012759	1	uM	DMSO	P14-006	1	C	20	C20	307	NULL	NULL	NULL	NULL	NA	NULL	NULL	NULL	NULL	NA	NULL	NA	NA	NA	NA	NA	NA	NA	NA	NA	NA	NA
20210125_BG	20200120	RBN012759	1	uM	DMSO	P14-006	1	D	20	D20	308	NULL	NULL	NULL	NULL	NA	NULL	NULL	NULL	NULL	NA	NULL	NA	NA	NA	NA	NA	NA	NA	NA	NA	NA	NA
20210125_BG	20200120	RBN012759	1	uM	DMSO	P14-006	1	E	20	E20	309	NULL	NULL	NULL	NULL	NA	NULL	NULL	NULL	NULL	NA	NULL	NA	NA	NA	NA	NA	NA	NA	NA	NA	NA	NA
20210125_BG	20200120	RBN012759	1	uM	DMSO	P14-006	1	F	20	F20	310	NULL	NULL	NULL	NULL	NA	NULL	NULL	NULL	NULL	NA	NULL	NA	NA	NA	NA	NA	NA	NA	NA	NA	NA	NA
20210125_BG	20200120	RBN012759	1	uM	DMSO	P14-006	1	G	20	G20	311	NULL	NULL	NULL	NULL	NA	NULL	NULL	NULL	NULL	NA	NULL	NA	NA	NA	NA	NA	NA	NA	NA	NA	NA	NA
20210125_BG	20200120	RBN012759	1	uM	DMSO	P14-006	1	H	20	H20	312	NULL	NULL	NULL	NULL	NA	NULL	NULL	NULL	NULL	NA	NULL	NA	NA	NA	NA	NA	NA	NA	NA	NA	NA	NA
20210125_BG	20200120	RBN012759	1	uM	DMSO	P14-006	1	I	20	I20	313	NULL	NULL	NULL	NULL	NA	NULL	NULL	NULL	NULL	NA	NULL	NA	NA	NA	NA	NA	NA	NA	NA	NA	NA	NA
20210125_BG	20200120	RBN012759	1	uM	DMSO	P14-006	1	J	20	J20	314	NULL	NULL	NULL	NULL	NA	NULL	NULL	NULL	NULL	NA	NULL	NA	NA	NA	NA	NA	NA	NA	NA	NA	NA	NA
20210125_BG	20200120	RBN012759	1	uM	DMSO	P14-006	1	K	20	K20	315	NULL	NULL	NULL	NULL	NA	NULL	NULL	NULL	NULL	NA	NULL	NA	NA	NA	NA	NA	NA	NA	NA	NA	NA	NA
20210125_BG	20200120	RBN012759	1	uM	DMSO	P14-006	1	L	20	L20	316	NULL	NULL	NULL	NULL	NA	NULL	NULL	NULL	NULL	NA	NULL	NA	NA	NA	NA	NA	NA	NA	NA	NA	NA	NA
20210125_BG	20200120	RBN012759	1	uM	DMSO	P14-006	1	M	20	M20	317	NULL	NULL	NULL	NULL	NA	NULL	NULL	NULL	NULL	NA	NULL	NA	NA	NA	NA	NA	NA	NA	NA	NA	NA	NA
20210125_BG	20200120	RBN012759	1	uM	DMSO	P14-006	1	N	20	N20	318	NULL	NULL	NULL	NULL	NA	NULL	NULL	NULL	NULL	NA	NULL	NA	NA	NA	NA	NA	NA	NA	NA	NA	NA	NA
20210125_BG	20200120	RBN012759	1	uM	DMSO	P14-006	1	O	20	O20	319	NULL	NULL	NULL	NULL	NA	NULL	NULL	NULL	NULL	NA	NULL	NA	NA	NA	NA	NA	NA	NA	NA	NA	NA	NA
20210125_BG	20200120	RBN012759	1	uM	DMSO	P14-006	1	P	20	P20	320	NULL	NULL	NULL	NULL	NA	NULL	NULL	NULL	NULL	NA	NULL	NA	NA	NA	NA	NA	NA	NA	NA	NA	NA	NA
20210125_BG	20200120	RBN012759	1	uM	DMSO	P14-006	1	A	21	A21	321	NULL	NULL	NULL	NULL	NA	NULL	NULL	NULL	NULL	NA	NULL	NA	NA	NA	NA	NA	NA	NA	NA	NA	NA	NA
20210125_BG	20200120	RBN012759	1	uM	DMSO	P14-006	1	B	21	B21	322	NULL	NULL	NULL	NULL	NA	NULL	NULL	NULL	NULL	NA	NULL	NA	NA	NA	NA	NA	NA	NA	NA	NA	NA	NA
20210125_BG	20200120	RBN012759	1	uM	DMSO	P14-006	1	C	21	C21	323	NULL	NULL	NULL	NULL	NA	NULL	NULL	NULL	NULL	NA	NULL	NA	NA	NA	NA	NA	NA	NA	NA	NA	NA	NA
20210125_BG	20200120	RBN012759	1	uM	DMSO	P14-006	1	D	21	D21	324	NULL	NULL	NULL	NULL	NA	NULL	NULL	NULL	NULL	NA	NULL	NA	NA	NA	NA	NA	NA	NA	NA	NA	NA	NA
20210125_BG	20200120	RBN012759	1	uM	DMSO	P14-006	1	E	21	E21	325	NULL	NULL	NULL	NULL	NA	NULL	NULL	NULL	NULL	NA	NULL	NA	NA	NA	NA	NA	NA	NA	NA	NA	NA	NA
20210125_BG	20200120	RBN012759	1	uM	DMSO	P14-006	1	F	21	F21	326	NULL	NULL	NULL	NULL	NA	NULL	NULL	NULL	NULL	NA	NULL	NA	NA	NA	NA	NA	NA	NA	NA	NA	NA	NA
20210125_BG	20200120	RBN012759	1	uM	DMSO	P14-006	1	G	21	G21	327	NULL	NULL	NULL	NULL	NA	NULL	NULL	NULL	NULL	NA	NULL	NA	NA	NA	NA	NA	NA	NA	NA	NA	NA	NA
20210125_BG	20200120	RBN012759	1	uM	DMSO	P14-006	1	H	21	H21	328	NULL	NULL	NULL	NULL	NA	NULL	NULL	NULL	NULL	NA	NULL	NA	NA	NA	NA	NA	NA	NA	NA	NA	NA	NA
20210125_BG	20200120	RBN012759	1	uM	DMSO	P14-006	1	I	21	I21	329	NULL	NULL	NULL	NULL	NA	NULL	NULL	NULL	NULL	NA	NULL	NA	NA	NA	NA	NA	NA	NA	NA	NA	NA	NA
20210125_BG	20200120	RBN012759	1	uM	DMSO	P14-006	1	J	21	J21	330	NULL	NULL	NULL	NULL	NA	NULL	NULL	NULL	NULL	NA	NULL	NA	NA	NA	NA	NA	NA	NA	NA	NA	NA	NA
20210125_BG	20200120	RBN012759	1	uM	DMSO	P14-006	1	K	21	K21	331	NULL	NULL	NULL	NULL	NA	NULL	NULL	NULL	NULL	NA	NULL	NA	NA	NA	NA	NA	NA	NA	NA	NA	NA	NA
20210125_BG	20200120	RBN012759	1	uM	DMSO	P14-006	1	L	21	L21	332	NULL	NULL	NULL	NULL	NA	NULL	NULL	NULL	NULL	NA	NULL	NA	NA	NA	NA	NA	NA	NA	NA	NA	NA	NA
20210125_BG	20200120	RBN012759	1	uM	DMSO	P14-006	1	M	21	M21	333	NULL	NULL	NULL	NULL	NA	NULL	NULL	NULL	NULL	NA	NULL	NA	NA	NA	NA	NA	NA	NA	NA	NA	NA	NA
20210125_BG	20200120	RBN012759	1	uM	DMSO	P14-006	1	N	21	N21	334	NULL	NULL	NULL	NULL	NA	NULL	NULL	NULL	NULL	NA	NULL	NA	NA	NA	NA	NA	NA	NA	NA	NA	NA	NA
20210125_BG	20200120	RBN012759	1	uM	DMSO	P14-006	1	O	21	O21	335	NULL	NULL	NULL	NULL	NA	NULL	NULL	NULL	NULL	NA	NULL	NA	NA	NA	NA	NA	NA	NA	NA	NA	NA	NA
20210125_BG	20200120	RBN012759	1	uM	DMSO	P14-006	1	P	21	P21	336	NULL	NULL	NULL	NULL	NA	NULL	NULL	NULL	NULL	NA	NULL	NA	NA	NA	NA	NA	NA	NA	NA	NA	NA	NA
20210125_BG	20200120	RBN012759	1	uM	DMSO	P14-006	1	A	22	A22	337	NULL	NULL	NULL	NULL	NA	NULL	NULL	NULL	NULL	NA	NULL	NA	NA	NA	NA	NA	NA	NA	NA	NA	NA	NA
20210125_BG	20200120	RBN012759	1	uM	DMSO	P14-006	1	B	22	B22	338	NULL	NULL	NULL	NULL	NA	NULL	NULL	NULL	NULL	NA	NULL	NA	NA	NA	NA	NA	NA	NA	NA	NA	NA	NA
20210125_BG	20200120	RBN012759	1	uM	DMSO	P14-006	1	C	22	C22	339	NULL	NULL	NULL	NULL	NA	NULL	NULL	NULL	NULL	NA	NULL	NA	NA	NA	NA	NA	NA	NA	NA	NA	NA	NA
20210125_BG	20200120	RBN012759	1	uM	DMSO	P14-006	1	D	22	D22	340	NULL	NULL	NULL	NULL	NA	NULL	NULL	NULL	NULL	NA	NULL	NA	NA	NA	NA	NA	NA	NA	NA	NA	NA	NA
20210125_BG	20200120	RBN012759	1	uM	DMSO	P14-006	1	E	22	E22	341	NULL	NULL	NULL	NULL	NA	NULL	NULL	NULL	NULL	NA	NULL	NA	NA	NA	NA	NA	NA	NA	NA	NA	NA	NA
20210125_BG	20200120	RBN012759	1	uM	DMSO	P14-006	1	F	22	F22	342	NULL	NULL	NULL	NULL	NA	NULL	NULL	NULL	NULL	NA	NULL	NA	NA	NA	NA	NA	NA	NA	NA	NA	NA	NA
20210125_BG	20200120	RBN012759	1	uM	DMSO	P14-006	1	G	22	G22	343	NULL	NULL	NULL	NULL	NA	NULL	NULL	NULL	NULL	NA	NULL	NA	NA	NA	NA	NA	NA	NA	NA	NA	NA	NA
20210125_BG	20200120	RBN012759	1	uM	DMSO	P14-006	1	H	22	H22	344	NULL	NULL	NULL	NULL	NA	NULL	NULL	NULL	NULL	NA	NULL	NA	NA	NA	NA	NA	NA	NA	NA	NA	NA	NA
20210125_BG	20200120	RBN012759	1	uM	DMSO	P14-006	1	I	22	I22	345	NULL	NULL	NULL	NULL	NA	NULL	NULL	NULL	NULL	NA	NULL	NA	NA	NA	NA	NA	NA	NA	NA	NA	NA	NA
20210125_BG	20200120	RBN012759	1	uM	DMSO	P14-006	1	J	22	J22	346	NULL	NULL	NULL	NULL	NA	NULL	NULL	NULL	NULL	NA	NULL	NA	NA	NA	NA	NA	NA	NA	NA	NA	NA	NA
20210125_BG	20200120	RBN012759	1	uM	DMSO	P14-006	1	K	22	K22	347	NULL	NULL	NULL	NULL	NA	NULL	NULL	NULL	NULL	NA	NULL	NA	NA	NA	NA	NA	NA	NA	NA	NA	NA	NA
20210125_BG	20200120	RBN012759	1	uM	DMSO	P14-006	1	L	22	L22	348	NULL	NULL	NULL	NULL	NA	NULL	NULL	NULL	NULL	NA	NULL	NA	NA	NA	NA	NA	NA	NA	NA	NA	NA	NA
20210125_BG	20200120	RBN012759	1	uM	DMSO	P14-006	1	M	22	M22	349	NULL	NULL	NULL	NULL	NA	NULL	NULL	NULL	NULL	NA	NULL	NA	NA	NA	NA	NA	NA	NA	NA	NA	NA	NA
20210125_BG	20200120	RBN012759	1	uM	DMSO	P14-006	1	N	22	N22	350	NULL	NULL	NULL	NULL	NA	NULL	NULL	NULL	NULL	NA	NULL	NA	NA	NA	NA	NA	NA	NA	NA	NA	NA	NA
20210125_BG	20200120	RBN012759	1	uM	DMSO	P14-006	1	O	22	O22	351	NULL	NULL	NULL	NULL	NA	NULL	NULL	NULL	NULL	NA	NULL	NA	NA	NA	NA	NA	NA	NA	NA	NA	NA	NA
20210125_BG	20200120	RBN012759	1	uM	DMSO	P14-006	1	P	22	P22	352	NULL	NULL	NULL	NULL	NA	NULL	NULL	NULL	NULL	NA	NULL	NA	NA	NA	NA	NA	NA	NA	NA	NA	NA	NA
20210125_BG	20200120	RBN012759	1	uM	DMSO	P14-006	1	A	23	A23	353	NULL	NULL	NULL	NULL	NA	NULL	NULL	NULL	NULL	NA	NULL	NA	NA	NA	NA	NA	NA	NA	NA	NA	NA	NA
20210125_BG	20200120	RBN012759	1	uM	DMSO	P14-006	1	B	23	B23	354	NULL	NULL	NULL	NULL	NA	NULL	NULL	NULL	NULL	NA	NULL	NA	NA	NA	NA	NA	NA	NA	NA	NA	NA	NA
20210125_BG	20200120	RBN012759	1	uM	DMSO	P14-006	1	C	23	C23	355	NULL	NULL	NULL	NULL	NA	NULL	NULL	NULL	NULL	NA	NULL	NA	NA	NA	NA	NA	NA	NA	NA	NA	NA	NA
20210125_BG	20200120	RBN012759	1	uM	DMSO	P14-006	1	D	23	D23	356	NULL	NULL	NULL	NULL	NA	NULL	NULL	NULL	NULL	NA	NULL	NA	NA	NA	NA	NA	NA	NA	NA	NA	NA	NA
20210125_BG	20200120	RBN012759	1	uM	DMSO	P14-006	1	E	23	E23	357	NULL	NULL	NULL	NULL	NA	NULL	NULL	NULL	NULL	NA	NULL	NA	NA	NA	NA	NA	NA	NA	NA	NA	NA	NA
20210125_BG	20200120	RBN012759	1	uM	DMSO	P14-006	1	F	23	F23	358	NULL	NULL	NULL	NULL	NA	NULL	NULL	NULL	NULL	NA	NULL	NA	NA	NA	NA	NA	NA	NA	NA	NA	NA	NA
20210125_BG	20200120	RBN012759	1	uM	DMSO	P14-006	1	G	23	G23	359	NULL	NULL	NULL	NULL	NA	NULL	NULL	NULL	NULL	NA	NULL	NA	NA	NA	NA	NA	NA	NA	NA	NA	NA	NA
20210125_BG	20200120	RBN012759	1	uM	DMSO	P14-006	1	H	23	H23	360	NULL	NULL	NULL	NULL	NA	NULL	NULL	NULL	NULL	NA	NULL	NA	NA	NA	NA	NA	NA	NA	NA	NA	NA	NA
20210125_BG	20200120	RBN012759	1	uM	DMSO	P14-006	1	I	23	I23	361	NULL	NULL	NULL	NULL	NA	NULL	NULL	NULL	NULL	NA	NULL	NA	NA	NA	NA	NA	NA	NA	NA	NA	NA	NA
20210125_BG	20200120	RBN012759	1	uM	DMSO	P14-006	1	J	23	J23	362	NULL	NULL	NULL	NULL	NA	NULL	NULL	NULL	NULL	NA	NULL	NA	NA	NA	NA	NA	NA	NA	NA	NA	NA	NA
20210125_BG	20200120	RBN012759	1	uM	DMSO	P14-006	1	K	23	K23	363	NULL	NULL	NULL	NULL	NA	NULL	NULL	NULL	NULL	NA	NULL	NA	NA	NA	NA	NA	NA	NA	NA	NA	NA	NA
20210125_BG	20200120	RBN012759	1	uM	DMSO	P14-006	1	L	23	L23	364	NULL	NULL	NULL	NULL	NA	NULL	NULL	NULL	NULL	NA	NULL	NA	NA	NA	NA	NA	NA	NA	NA	NA	NA	NA
20210125_BG	20200120	RBN012759	1	uM	DMSO	P14-006	1	M	23	M23	365	NULL	NULL	NULL	NULL	NA	NULL	NULL	NULL	NULL	NA	NULL	NA	NA	NA	NA	NA	NA	NA	NA	NA	NA	NA
20210125_BG	20200120	RBN012759	1	uM	DMSO	P14-006	1	N	23	N23	366	NULL	NULL	NULL	NULL	NA	NULL	NULL	NULL	NULL	NA	NULL	NA	NA	NA	NA	NA	NA	NA	NA	NA	NA	NA
20210125_BG	20200120	RBN012759	1	uM	DMSO	P14-006	1	O	23	O23	367	NULL	NULL	NULL	NULL	NA	NULL	NULL	NULL	NULL	NA	NULL	NA	NA	NA	NA	NA	NA	NA	NA	NA	NA	NA
20210125_BG	20200120	RBN012759	1	uM	DMSO	P14-006	1	P	23	P23	368	NULL	NULL	NULL	NULL	NA	NULL	NULL	NULL	NULL	NA	NULL	NA	NA	NA	NA	NA	NA	NA	NA	NA	NA	NA
20210125_BG	20200120	RBN012759	1	uM	DMSO	P14-006	1	A	24	A24	369	NULL	NULL	NULL	NULL	NA	NULL	NULL	NULL	NULL	NA	NULL	NA	NA	NA	NA	NA	NA	NA	NA	NA	NA	NA
20210125_BG	20200120	RBN012759	1	uM	DMSO	P14-006	1	B	24	B24	370	NULL	NULL	NULL	NULL	NA	NULL	NULL	NULL	NULL	NA	NULL	NA	NA	NA	NA	NA	NA	NA	NA	NA	NA	NA
20210125_BG	20200120	RBN012759	1	uM	DMSO	P14-006	1	C	24	C24	371	NULL	NULL	NULL	NULL	NA	NULL	NULL	NULL	NULL	NA	NULL	NA	NA	NA	NA	NA	NA	NA	NA	NA	NA	NA
20210125_BG	20200120	RBN012759	1	uM	DMSO	P14-006	1	D	24	D24	372	NULL	NULL	NULL	NULL	NA	NULL	NULL	NULL	NULL	NA	NULL	NA	NA	NA	NA	NA	NA	NA	NA	NA	NA	NA
20210125_BG	20200120	RBN012759	1	uM	DMSO	P14-006	1	E	24	E24	373	NULL	NULL	NULL	NULL	NA	NULL	NULL	NULL	NULL	NA	NULL	NA	NA	NA	NA	NA	NA	NA	NA	NA	NA	NA
20210125_BG	20200120	RBN012759	1	uM	DMSO	P14-006	1	F	24	F24	374	NULL	NULL	NULL	NULL	NA	NULL	NULL	NULL	NULL	NA	NULL	NA	NA	NA	NA	NA	NA	NA	NA	NA	NA	NA
20210125_BG	20200120	RBN012759	1	uM	DMSO	P14-006	1	G	24	G24	375	NULL	NULL	NULL	NULL	NA	NULL	NULL	NULL	NULL	NA	NULL	NA	NA	NA	NA	NA	NA	NA	NA	NA	NA	NA
20210125_BG	20200120	RBN012759	1	uM	DMSO	P14-006	1	H	24	H24	376	NULL	NULL	NULL	NULL	NA	NULL	NULL	NULL	NULL	NA	NULL	NA	NA	NA	NA	NA	NA	NA	NA	NA	NA	NA
20210125_BG	20200120	RBN012759	1	uM	DMSO	P14-006	1	I	24	I24	377	NULL	NULL	NULL	NULL	NA	NULL	NULL	NULL	NULL	NA	NULL	NA	NA	NA	NA	NA	NA	NA	NA	NA	NA	NA
20210125_BG	20200120	RBN012759	1	uM	DMSO	P14-006	1	J	24	J24	378	NULL	NULL	NULL	NULL	NA	NULL	NULL	NULL	NULL	NA	NULL	NA	NA	NA	NA	NA	NA	NA	NA	NA	NA	NA
20210125_BG	20200120	RBN012759	1	uM	DMSO	P14-006	1	K	24	K24	379	NULL	NULL	NULL	NULL	NA	NULL	NULL	NULL	NULL	NA	NULL	NA	NA	NA	NA	NA	NA	NA	NA	NA	NA	NA
20210125_BG	20200120	RBN012759	1	uM	DMSO	P14-006	1	L	24	L24	380	NULL	NULL	NULL	NULL	NA	NULL	NULL	NULL	NULL	NA	NULL	NA	NA	NA	NA	NA	NA	NA	NA	NA	NA	NA
20210125_BG	20200120	RBN012759	1	uM	DMSO	P14-006	1	M	24	M24	381	NULL	NULL	NULL	NULL	NA	NULL	NULL	NULL	NULL	NA	NULL	NA	NA	NA	NA	NA	NA	NA	NA	NA	NA	NA
20210125_BG	20200120	RBN012759	1	uM	DMSO	P14-006	1	N	24	N24	382	NULL	NULL	NULL	NULL	NA	NULL	NULL	NULL	NULL	NA	NULL	NA	NA	NA	NA	NA	NA	NA	NA	NA	NA	NA
20210125_BG	20200120	RBN012759	1	uM	DMSO	P14-006	1	O	24	O24	383	NULL	NULL	NULL	NULL	NA	NULL	NULL	NULL	NULL	NA	NULL	NA	NA	NA	NA	NA	NA	NA	NA	NA	NA	NA
20210125_BG	20200120	RBN012759	1	uM	DMSO	P14-006	1	P	24	P24	384	NULL	NULL	NULL	NULL	NA	NULL	NULL	NULL	NULL	NA	NULL	NA	NA	NA	NA	NA	NA	NA	NA	NA	NA	NA
